,id,item,category_id,category,round,listnum
12,7,giraffe,2,zoo,1,1
13,7,lizard,2,zoo,1,1
14,7,tiger,2,zoo,1,1
15,7,lion,2,zoo,1,1
16,7,leopard,2,zoo,1,1
17,7,cheetah,2,zoo,1,1
18,7,snake,2,zoo,1,1
19,7,iguanodon,2,zoo,1,1
20,7,kangaroo,2,zoo,1,1
21,7,turkey,2,zoo,1,1
22,7,chicken,2,zoo,1,1
23,7,,2,zoo,1,1
24,7,,2,zoo,1,1
25,7,,2,zoo,1,1
26,7,geckos,2,zoo,1,1
27,7,rattlesnake,2,zoo,1,1
28,7,king,2,zoo,1,1
29,7,cobra,2,zoo,1,1
30,7,leopard,2,zoo,1,1
101,7,komododragon,2,zoo,3,2
102,7,bat,2,zoo,3,2
103,7,crocodile,2,zoo,3,2
104,7,snake,2,zoo,3,2
105,7,cheetah,2,zoo,3,2
106,7,leopard,2,zoo,3,2
107,7,tiger,2,zoo,3,2
108,7,lion,2,zoo,3,2
109,7,flamingo,2,zoo,3,2
110,7,gopher,2,zoo,3,2
111,7,turtle,2,zoo,3,2
112,7,bunny,2,zoo,3,2
113,7,dormouse,2,zoo,3,2
114,7,rat,2,zoo,3,2
115,7,beaver,2,zoo,3,2
116,7,coyote,2,zoo,3,2
117,7,fox,2,zoo,3,2
46,8,,2,zoo,2,3
47,8,,2,zoo,2,3
48,8,,2,zoo,2,3
49,8,turtle,2,zoo,2,3
50,8,bunny,2,zoo,2,3
51,8,yeah,2,zoo,2,3
52,8,horse,2,zoo,2,3
53,8,,2,zoo,2,3
54,8,,2,zoo,2,3
55,8,paper,2,zoo,2,3
56,8,paper,2,zoo,2,3
57,8,food,2,zoo,2,3
58,8,guinea,2,zoo,2,3
59,8,job,2,zoo,2,3
87,8,,2,zoo,4,4
88,8,,2,zoo,4,4
89,8,,2,zoo,4,4
90,8,,2,zoo,4,4
91,8,,2,zoo,4,4
92,8,,2,zoo,4,4
93,8,,2,zoo,4,4
94,8,elephant,2,zoo,4,4
95,8,fish,2,zoo,4,4
96,8,turtle,2,zoo,4,4
97,8,fox,2,zoo,4,4
98,8,,2,zoo,4,4
49,9,alligator,2,zoo,2,5
50,9,pig,2,zoo,2,5
51,9,peacock,2,zoo,2,5
52,9,crocodile,2,zoo,2,5
53,9,swine,2,zoo,2,5
54,9,parrot,2,zoo,2,5
55,9,hummingbird,2,zoo,2,5
56,9,goat,2,zoo,2,5
57,9,sheep,2,zoo,2,5
58,9,monkey,2,zoo,2,5
59,9,zoo,2,zoo,2,5
60,9,monkey,2,zoo,2,5
61,9,parrot,2,zoo,2,5
104,9,sheep,4,zoo,4,6
105,9,deer,4,zoo,4,6
106,9,pig,4,zoo,4,6
107,9,swine,4,zoo,4,6
108,9,warthog,4,zoo,4,6
109,9,alligator,4,zoo,4,6
110,9,crocodile,4,zoo,4,6
111,9,monkey,4,zoo,4,6
112,9,peacock,4,zoo,4,6
113,9,parrot,4,zoo,4,6
114,9,birdie,4,zoo,4,6
115,9,hummingbird,4,zoo,4,6
116,9,chicken,4,zoo,4,6
117,9,panda,4,zoo,4,6
118,9,birdie,4,zoo,4,6
25,10,monkey,2,zoo,2,7
26,10,zoo,2,zoo,2,7
27,10,elephant,2,zoo,2,7
28,10,cheetah,2,zoo,2,7
29,10,tiger,2,zoo,2,7
30,10,lion,2,zoo,2,7
31,10,alligator,2,zoo,2,7
32,10,fox,2,zoo,2,7
33,10,chicken,2,zoo,2,7
34,10,crocodile,2,zoo,2,7
35,10,fish,2,zoo,2,7
36,10,,2,zoo,2,7
89,10,,2,zoo,4,8
90,10,,2,zoo,4,8
91,10,alligator,2,zoo,4,8
92,10,horse,2,zoo,4,8
93,10,guinea,2,zoo,4,8
94,10,pig,2,zoo,4,8
95,10,monkey,2,zoo,4,8
96,10,chicken,2,zoo,4,8
45,11,natureplace,2,zoo,2,9
46,11,bear,2,zoo,2,9
47,11,,2,zoo,2,9
48,11,giraffe,2,zoo,2,9
49,11,,2,zoo,2,9
50,11,cow,2,zoo,2,9
51,11,monkey,2,zoo,2,9
52,11,moose,2,zoo,2,9
53,11,fox,2,zoo,2,9
54,11,flamingo,2,zoo,2,9
55,11,elephant,2,zoo,2,9
56,11,leopard,2,zoo,2,9
57,11,lion,2,zoo,2,9
58,11,cheetah,2,zoo,2,9
59,11,fish,2,zoo,2,9
60,11,goldfish,2,zoo,2,9
61,11,salmon,2,zoo,2,9
104,11,,2,zoo,4,10
105,11,flamingo,2,zoo,4,10
106,11,building,2,zoo,4,10
107,11,water,2,zoo,4,10
108,11,post,2,zoo,4,10
109,11,,2,zoo,4,10
110,11,parkinggarage,2,zoo,4,10
111,11,parkinglot,2,zoo,4,10
112,11,,2,zoo,4,10
113,11,icestuff,2,zoo,4,10
114,11,,2,zoo,4,10
115,11,,2,zoo,4,10
116,11,,2,zoo,4,10
117,11,,2,zoo,4,10
118,11,flamingo,2,zoo,4,10
119,11,elephant,2,zoo,4,10
120,11,bluesky,2,zoo,4,10
121,11,,2,zoo,4,10
122,11,,2,zoo,4,10
123,11,sidewalk,2,zoo,4,10
124,11,,2,zoo,4,10
125,11,,2,zoo,4,10
126,11,,2,zoo,4,10
127,11,giraffe,2,zoo,4,10
128,11,trunk,2,zoo,4,10
18,12,monkey,2,zoo,2,11
19,12,giraffe,2,zoo,2,11
20,12,,2,zoo,2,11
21,12,elephant,2,zoo,2,11
22,12,alligator,2,zoo,2,11
61,12,giraffe,4,zoo,4,12
62,12,elephant,4,zoo,4,12
63,12,monkey,4,zoo,4,12
64,12,ostrich,4,zoo,4,12
65,12,elephant,4,zoo,4,12
22,13,zebra,4,zoo,1,13
23,13,giraffe,4,zoo,1,13
24,13,lion,4,zoo,1,13
25,13,tiger,4,zoo,1,13
26,13,,4,zoo,1,13
27,13,monkey,4,zoo,1,13
28,13,monkeyfood,4,zoo,1,13
29,13,,4,zoo,1,13
30,13,zooconstructor,4,zoo,1,13
31,13,officer,4,zoo,1,13
32,13,,4,zoo,1,13
33,13,grass,4,zoo,1,13
91,13,lion,2,zoo,4,14
92,13,giraffes,2,zoo,4,14
93,13,lion,2,zoo,4,14
94,13,,2,zoo,4,14
95,13,,2,zoo,4,14
96,13,,2,zoo,4,14
97,13,,2,zoo,4,14
98,13,,2,zoo,4,14
99,13,cheetahs,2,zoo,4,14
100,13,,2,zoo,4,14
101,13,giraffes,2,zoo,4,14
6,14,,2,zoo,1,15
7,14,,2,zoo,1,15
8,14,,2,zoo,1,15
9,14,,2,zoo,1,15
10,14,giraffes,2,zoo,1,15
11,14,,2,zoo,1,15
12,14,,2,zoo,1,15
13,14,cheetahs,2,zoo,1,15
14,14,,2,zoo,1,15
15,14,,2,zoo,1,15
16,14,chimpanzee,2,zoo,1,15
17,14,parrot,2,zoo,1,15
94,14,,2,zoo,3,16
95,14,,2,zoo,3,16
96,14,,2,zoo,3,16
97,14,,2,zoo,3,16
98,14,chimpanzee,2,zoo,3,16
99,14,giraffes,2,zoo,3,16
100,14,,2,zoo,3,16
101,14,,2,zoo,3,16
102,14,fox,2,zoo,3,16
103,14,crocodile,2,zoo,3,16
104,14,alligator,2,zoo,3,16
105,14,bird,2,zoo,3,16
106,14,parrot,2,zoo,3,16
107,14,dog,2,zoo,3,16
108,14,dog,2,zoo,3,16
38,15,,2,zoo,2,17
39,15,,2,zoo,2,17
40,15,,2,zoo,2,17
41,15,,2,zoo,2,17
42,15,farm,2,zoo,2,17
43,15,,2,zoo,2,17
44,15,,2,zoo,2,17
45,15,,2,zoo,2,17
46,15,sheep,2,zoo,2,17
47,15,,2,zoo,2,17
48,15,,2,zoo,2,17
49,15,,2,zoo,2,17
50,15,,2,zoo,2,17
51,15,,2,zoo,2,17
52,15,,2,zoo,2,17
53,15,,2,zoo,2,17
54,15,,2,zoo,2,17
55,15,,2,zoo,2,17
56,15,,2,zoo,2,17
143,15,,2,zoo,4,18
144,15,,2,zoo,4,18
145,15,,2,zoo,4,18
146,15,,2,zoo,4,18
147,15,orcas,2,zoo,4,18
148,15,deer,2,zoo,4,18
149,15,sheep,2,zoo,4,18
150,15,cow,2,zoo,4,18
151,15,parrot,2,zoo,4,18
152,15,fox,2,zoo,4,18
153,15,bear,2,zoo,4,18
154,15,fish,2,zoo,4,18
155,15,crab,2,zoo,4,18
156,15,jellyfish,2,zoo,4,18
157,15,bamboo,2,zoo,4,18
158,15,epaulette,2,zoo,4,18
159,15,,2,zoo,4,18
54,18,zebra,2,zoo,2,19
55,18,skunk,2,zoo,2,19
56,18,hippo,2,zoo,2,19
57,18,rhino,2,zoo,2,19
58,18,monkey,2,zoo,2,19
59,18,gorilla,2,zoo,2,19
60,18,chimpanzee,2,zoo,2,19
61,18,zebra,2,zoo,2,19
62,18,,2,zoo,2,19
63,18,butt,2,zoo,2,19
64,18,butt,2,zoo,2,19
102,18,koala,2,zoo,4,20
103,18,panda,2,zoo,4,20
104,18,hippo,2,zoo,4,20
105,18,chimpanzee,2,zoo,4,20
106,18,gorilla,2,zoo,4,20
107,18,monkey,2,zoo,4,20
108,18,buttmonkey,2,zoo,4,20
109,18,monkey,2,zoo,4,20
110,18,,2,zoo,4,20
111,18,,2,zoo,4,20
112,18,,2,zoo,4,20
113,18,,2,zoo,4,20
114,18,,2,zoo,4,20
115,18,donkey,2,zoo,4,20
116,18,food,2,zoo,4,20
54,19,zebra,2,zoo,2,21
55,19,rhino,2,zoo,2,21
56,19,bear,2,zoo,2,21
57,19,monkey,2,zoo,2,21
58,19,gorilla,2,zoo,2,21
59,19,lion,2,zoo,2,21
60,19,tiger,2,zoo,2,21
61,19,leopard,2,zoo,2,21
62,19,panther,2,zoo,2,21
63,19,penguin,2,zoo,2,21
64,19,fish,2,zoo,2,21
65,19,shark,2,zoo,2,21
66,19,lemur,2,zoo,2,21
67,19,lemur,2,zoo,2,21
68,19,penguin,2,zoo,2,21
121,19,zebra,2,zoo,4,22
122,19,rhino,2,zoo,4,22
123,19,tiger,2,zoo,4,22
124,19,lion,2,zoo,4,22
125,19,panther,2,zoo,4,22
126,19,jaguar,2,zoo,4,22
127,19,leopard,2,zoo,4,22
128,19,cheetah,2,zoo,4,22
129,19,mole,2,zoo,4,22
130,19,fish,2,zoo,4,22
131,19,penguin,2,zoo,4,22
132,19,penguin,2,zoo,4,22
133,19,bear,2,zoo,4,22
134,19,ladybug,2,zoo,4,22
135,19,grasshopper,2,zoo,4,22
136,19,armadillo,2,zoo,4,22
27,20,toy,2,zoo,2,23
28,20,tiger,2,zoo,2,23
29,20,,2,zoo,2,23
30,20,dinosaur,2,zoo,2,23
31,20,t-rex,2,zoo,2,23
32,20,raptor,2,zoo,2,23
33,20,spider,2,zoo,2,23
34,20,,2,zoo,2,23
35,20,,2,zoo,2,23
36,20,toy,2,zoo,2,23
37,20,wall,2,zoo,2,23
38,20,dragontoy,2,zoo,2,23
39,20,car,2,zoo,2,23
40,20,monstertruck,2,zoo,2,23
41,20,monstercar,2,zoo,2,23
75,20,,2,zoo,4,24
76,20,zebra,2,zoo,4,24
77,20,gorilla,2,zoo,4,24
78,20,elephant,2,zoo,4,24
79,20,kitty,2,zoo,4,24
80,20,doggy,2,zoo,4,24
81,20,tinier,2,zoo,4,24
82,20,owl,2,zoo,4,24
83,20,tiger,2,zoo,4,24
84,20,cheetah,2,zoo,4,24
85,20,elephant,2,zoo,4,24
86,20,giantelephant,2,zoo,4,24
87,20,hedgehog,2,zoo,4,24
88,20,hedgehog,2,zoo,4,24
22,21,horse,2,zoo,1,25
23,21,tiger,2,zoo,1,25
24,21,zebra,2,zoo,1,25
25,21,timer,2,zoo,1,25
26,21,ball,2,zoo,1,25
27,21,hand,2,zoo,1,25
49,21,zebra,2,zoo,3,26
50,21,zebra,2,zoo,3,26
51,21,tiger,2,zoo,3,26
52,21,pizza,2,zoo,3,26
53,21,vegetable,2,zoo,3,26
54,21,,2,zoo,3,26
55,21,zoo,2,zoo,3,26
56,21,,2,zoo,3,26
57,21,rabbit,2,zoo,3,26
58,21,zebra,2,zoo,3,26
59,21,,2,zoo,3,26
60,21,tummy,2,zoo,3,26
61,21,,2,zoo,3,26
62,21,,2,zoo,3,26
15,22,,2,zoo,1,27
16,22,,2,zoo,1,27
17,22,,2,zoo,1,27
18,22,,2,zoo,1,27
19,22,,2,zoo,1,27
20,22,,2,zoo,1,27
21,22,,2,zoo,1,27
22,22,,2,zoo,1,27
23,22,,2,zoo,1,27
24,22,,2,zoo,1,27
25,22,cheetahs,2,zoo,1,27
87,22,monkey,2,zoo,3,28
88,22,gorilla,2,zoo,3,28
89,22,chimpanzee,2,zoo,3,28
90,22,zebra,2,zoo,3,28
91,22,horse,2,zoo,3,28
92,22,panda,2,zoo,3,28
93,22,panda,2,zoo,3,28
94,22,elephant,2,zoo,3,28
95,22,giraffe,2,zoo,3,28
96,22,eagle,2,zoo,3,28
23,23,zebra,2,zoo,1,29
24,23,lion,2,zoo,1,29
25,23,giraffe,2,zoo,1,29
26,23,elephant,2,zoo,1,29
27,23,alligator,2,zoo,1,29
28,23,turtle,2,zoo,1,29
29,23,penguin,2,zoo,1,29
58,23,alligator,2,zoo,3,30
59,23,penguin,2,zoo,3,30
60,23,turtle,2,zoo,3,30
61,23,,2,zoo,3,30
62,23,,2,zoo,3,30
63,23,,2,zoo,3,30
64,23,,2,zoo,3,30
65,23,,2,zoo,3,30
66,23,,2,zoo,3,30
67,23,alligator,2,zoo,3,30
68,23,crocodile,2,zoo,3,30
69,23,elephant,2,zoo,3,30
21,24,dog,2,zoo,1,31
22,24,giraffe,2,zoo,1,31
23,24,lion,2,zoo,1,31
24,24,monkey,2,zoo,1,31
25,24,bonobo,2,zoo,1,31
26,24,fox,2,zoo,1,31
27,24,panda,2,zoo,1,31
28,24,panda,2,zoo,1,31
29,24,frog,2,zoo,1,31
30,24,snake,2,zoo,1,31
31,24,lizard,2,zoo,1,31
32,24,fish,2,zoo,1,31
33,24,chimpanzee,2,zoo,1,31
34,24,tiger,2,zoo,1,31
105,24,dog,2,zoo,3,32
106,24,cat,2,zoo,3,32
107,24,logo,2,zoo,3,32
108,24,pineapple,2,zoo,3,32
109,24,zebra,2,zoo,3,32
110,24,antelope,2,zoo,3,32
111,24,jaguar,2,zoo,3,32
112,24,leopard,2,zoo,3,32
113,24,dog,2,zoo,3,32
114,24,lizard,2,zoo,3,32
115,24,snake,2,zoo,3,32
16,25,zoo,2,zoo,2,33
17,25,elephant,2,zoo,2,33
18,25,giraffes,2,zoo,2,33
19,25,buffalo,2,zoo,2,33
20,25,zoo,2,zoo,2,33
21,25,zebra,2,zoo,2,33
32,25,sea,2,zoo,4,34
33,26,monkey,2,zoo,2,35
34,26,,2,zoo,2,35
35,26,gorilla,2,zoo,2,35
36,26,silvergorilla,2,zoo,2,35
37,26,silver,2,zoo,2,35
38,26,kind,2,zoo,2,35
39,26,cricket,2,zoo,2,35
60,26,cheetah,2,zoo,4,36
61,26,lion,2,zoo,4,36
62,26,koala,2,zoo,4,36
63,26,werewolf,2,zoo,4,36
64,26,lion,2,zoo,4,36
65,26,cub,2,zoo,4,36
66,26,,2,zoo,4,36
67,26,kindbug,2,zoo,4,36
68,26,,2,zoo,4,36
38,28,zebra,2,zoo,2,37
39,28,giraffe,2,zoo,2,37
40,28,,2,zoo,2,37
41,28,parrot,2,zoo,2,37
42,28,bat,2,zoo,2,37
43,28,elephant,2,zoo,2,37
44,28,monkey,2,zoo,2,37
45,28,chimpanzee,2,zoo,2,37
46,28,plum,2,zoo,2,37
47,28,monkey,2,zoo,2,37
48,28,ape,2,zoo,2,37
49,28,orangutan,2,zoo,2,37
68,28,,2,zoo,4,38
69,28,,2,zoo,4,38
70,28,,2,zoo,4,38
71,28,snake,2,zoo,4,38
44,29,,2,zoo,2,39
45,29,,2,zoo,2,39
46,29,food,2,zoo,2,39
47,29,panda,2,zoo,2,39
48,29,tiger,2,zoo,2,39
49,29,lion,2,zoo,2,39
50,29,zebra,2,zoo,2,39
51,29,giraffe,2,zoo,2,39
52,29,elephant,2,zoo,2,39
53,29,grass,2,zoo,2,39
54,29,popcorn,2,zoo,2,39
55,29,cottoncandy,2,zoo,2,39
56,29,gorilla,2,zoo,2,39
57,29,bunny,2,zoo,2,39
58,29,horse,2,zoo,2,39
59,29,pig,2,zoo,2,39
60,29,monkey,2,zoo,2,39
117,29,hippo,2,zoo,4,40
118,29,penguin,2,zoo,4,40
119,29,turtle,2,zoo,4,40
120,29,shark,2,zoo,4,40
121,29,hammerheadshark,2,zoo,4,40
122,29,giraffe,2,zoo,4,40
123,29,zebra,2,zoo,4,40
124,29,horse,2,zoo,4,40
125,29,panda,2,zoo,4,40
126,29,tiger,2,zoo,4,40
127,29,clown,2,zoo,4,40
128,29,dogstand,2,zoo,4,40
129,29,zookeeper,2,zoo,4,40
130,29,popsicle,2,zoo,4,40
131,29,sea,2,zoo,4,40
26,30,rhino,2,zoo,1,41
27,30,tiger,2,zoo,1,41
28,30,panda,2,zoo,1,41
29,30,panda,2,zoo,1,41
30,30,flamingo,2,zoo,1,41
31,30,zookeeper,2,zoo,1,41
32,30,garbage,2,zoo,1,41
33,30,penguin,2,zoo,1,41
34,30,snake,2,zoo,1,41
35,30,platypus,2,zoo,1,41
36,30,,2,zoo,1,41
37,30,,2,zoo,1,41
65,30,tiger,2,zoo,3,42
66,30,flamingo,2,zoo,3,42
67,30,turtle,2,zoo,3,42
68,30,tortoise,2,zoo,3,42
69,30,panda,2,zoo,3,42
70,30,koala,2,zoo,3,42
71,30,flamingo,2,zoo,3,42
72,30,rhino,2,zoo,3,42
73,30,monkey,2,zoo,3,42
74,30,turtle,2,zoo,3,42
75,30,ant,2,zoo,3,42
76,30,garbage,2,zoo,3,42
77,30,,2,zoo,3,42
78,30,zookeeper,2,zoo,3,42
79,30,flamingo,2,zoo,3,42
80,30,penguin,2,zoo,3,42
11,31,zebra,2,zoo,1,43
12,31,monkey,2,zoo,1,43
13,31,parrot,2,zoo,1,43
14,31,bird,2,zoo,1,43
15,31,crocodile,2,zoo,1,43
16,31,tiger,2,zoo,1,43
17,31,cheetah,2,zoo,1,43
18,31,bunny,2,zoo,1,43
19,31,turtle,2,zoo,1,43
83,31,bunny,2,zoo,3,44
84,31,turtle,2,zoo,3,44
85,31,zebra,2,zoo,3,44
86,31,parrot,2,zoo,3,44
87,31,bird,2,zoo,3,44
88,31,bunny,2,zoo,3,44
89,31,frog,2,zoo,3,44
90,31,goat,2,zoo,3,44
91,31,snake,2,zoo,3,44
92,31,frog,2,zoo,3,44
93,31,bunny,2,zoo,3,44
94,31,bird,2,zoo,3,44
95,31,parrot,2,zoo,3,44
96,31,frog,2,zoo,3,44
15,32,giraffe,2,zoo,1,45
16,32,elephant,2,zoo,1,45
17,32,lion,2,zoo,1,45
18,32,cheetah,2,zoo,1,45
19,32,,2,zoo,1,45
20,32,rhino,2,zoo,1,45
21,32,elephant,2,zoo,1,45
22,32,,2,zoo,1,45
23,32,,2,zoo,1,45
24,32,,2,zoo,1,45
25,32,,2,zoo,1,45
26,32,penguin,2,zoo,1,45
27,32,dolphin,2,zoo,1,45
49,32,lion,2,zoo,3,46
50,32,alligator,2,zoo,3,46
51,32,crocodile,2,zoo,3,46
52,32,fish,2,zoo,3,46
53,32,alligator,2,zoo,3,46
54,32,lion,2,zoo,3,46
55,32,elephant,2,zoo,3,46
56,32,tiger,2,zoo,3,46
57,32,fish,2,zoo,3,46
58,32,,2,zoo,3,46
59,32,,2,zoo,3,46
60,32,penguin,2,zoo,3,46
61,32,lion,2,zoo,3,46
62,32,cheetahs,2,zoo,3,46
63,32,,2,zoo,3,46
64,32,,2,zoo,3,46
65,32,frog,2,zoo,3,46
7,33,zebra,2,zoo,1,47
8,33,lion,2,zoo,1,47
9,33,tiger,2,zoo,1,47
10,33,fish,2,zoo,1,47
11,33,,2,zoo,1,47
12,33,,2,zoo,1,47
13,33,,2,zoo,1,47
14,33,,2,zoo,1,47
3,34,,2,zoo,2,48
4,34,,2,zoo,2,48
28,34,food,2,zoo,4,49
29,34,,2,zoo,4,49
62,35,zebra,4,zoo,2,50
63,35,lion,4,zoo,2,50
64,35,tiger,4,zoo,2,50
65,35,turtle,4,zoo,2,50
66,35,penguin,4,zoo,2,50
67,35,dolphin,4,zoo,2,50
68,35,elephant,4,zoo,2,50
69,35,,4,zoo,2,50
70,35,,4,zoo,2,50
104,35,penguin,2,zoo,4,51
105,35,zebra,2,zoo,4,51
106,35,lion,2,zoo,4,51
107,35,,2,zoo,4,51
108,35,,2,zoo,4,51
109,35,,2,zoo,4,51
110,35,,2,zoo,4,51
111,35,,2,zoo,4,51
112,35,vulture,2,zoo,4,51
33,36,giraffe,2,zoo,2,52
34,36,tiger,2,zoo,2,52
35,36,lion,2,zoo,2,52
36,36,monkey,2,zoo,2,52
37,36,tiger,2,zoo,2,52
38,36,,2,zoo,2,52
93,36,giraffe,2,zoo,4,53
94,36,tiger,2,zoo,4,53
95,36,lion,2,zoo,4,53
96,36,monkey,2,zoo,4,53
97,36,,2,zoo,4,53
20,37,,2,zoo,1,54
21,37,giraffes,2,zoo,1,54
22,37,,2,zoo,1,54
23,37,,2,zoo,1,54
24,37,,2,zoo,1,54
25,37,,2,zoo,1,54
26,37,hippo,2,zoo,1,54
27,37,,2,zoo,1,54
28,37,,2,zoo,1,54
29,37,,2,zoo,1,54
30,37,,2,zoo,1,54
31,37,,2,zoo,1,54
32,37,,2,zoo,1,54
59,37,zebra,2,zoo,3,55
60,37,monkey,2,zoo,3,55
61,37,giraffe,2,zoo,3,55
62,37,parrot,2,zoo,3,55
63,37,monkey,2,zoo,3,55
64,37,grass,2,zoo,3,55
65,37,,2,zoo,3,55
66,37,,2,zoo,3,55
67,37,,2,zoo,3,55
4,38,,2,zoo,1,56
5,38,giraffes,2,zoo,1,56
6,38,,2,zoo,1,56
7,38,,2,zoo,1,56
8,38,,2,zoo,1,56
9,38,,2,zoo,1,56
10,38,,2,zoo,1,56
11,38,,2,zoo,1,56
54,38,tiger,2,zoo,3,57
55,38,countryrat,2,zoo,3,57
56,38,dragon,2,zoo,3,57
57,38,snake,2,zoo,3,57
58,38,,2,zoo,3,57
59,38,,2,zoo,3,57
60,38,whale,2,zoo,3,57
61,38,orca,2,zoo,3,57
32,40,zebra,2,zoo,1,58
33,40,dog,2,zoo,1,58
34,40,cat,2,zoo,1,58
35,40,fish,2,zoo,1,58
36,40,mouse,2,zoo,1,58
37,40,cat,2,zoo,1,58
38,40,,2,zoo,1,58
39,40,duck,2,zoo,1,58
40,40,bird,2,zoo,1,58
41,40,fish,2,zoo,1,58
42,40,,2,zoo,1,58
43,40,turtle,2,zoo,1,58
44,40,mouse,2,zoo,1,58
45,40,horse,2,zoo,1,58
46,40,bear,2,zoo,1,58
47,40,bear,2,zoo,1,58
48,40,zebra,2,zoo,1,58
49,40,horse,2,zoo,1,58
50,40,,2,zoo,1,58
86,40,zoo,2,zoo,3,59
87,40,dog,2,zoo,3,59
88,40,fish,2,zoo,3,59
89,40,horse,2,zoo,3,59
90,40,,2,zoo,3,59
91,40,cat,2,zoo,3,59
92,40,zebra,2,zoo,3,59
93,40,cat,2,zoo,3,59
94,40,zebra,2,zoo,3,59
95,40,,2,zoo,3,59
96,40,dog,2,zoo,3,59
97,40,moose,2,zoo,3,59
98,40,duck,2,zoo,3,59
99,40,,2,zoo,3,59
100,40,horse,2,zoo,3,59
101,40,moose,2,zoo,3,59
49,41,,2,zoo,2,60
50,41,monkey,2,zoo,2,60
51,41,chimp,2,zoo,2,60
52,41,lion,2,zoo,2,60
53,41,tiger,2,zoo,2,60
54,41,animal,2,zoo,2,60
55,41,kangaroo,2,zoo,2,60
56,41,rat,2,zoo,2,60
57,41,cat,2,zoo,2,60
58,41,fruit,2,zoo,2,60
59,41,zoo,2,zoo,2,60
60,41,strawberry,2,zoo,2,60
61,41,cherry,2,zoo,2,60
62,41,zookeeper,2,zoo,2,60
143,41,chimp,2,zoo,4,61
144,41,rat,2,zoo,4,61
145,41,ox,2,zoo,4,61
146,41,tiger,2,zoo,4,61
147,41,bunny,2,zoo,4,61
148,41,rabbit,2,zoo,4,61
149,41,sheep,2,zoo,4,61
150,41,goat,2,zoo,4,61
151,41,wolf,2,zoo,4,61
152,41,fox,2,zoo,4,61
153,41,monkey,2,zoo,4,61
154,41,chimp,2,zoo,4,61
155,41,rooster,2,zoo,4,61
156,41,pig,2,zoo,4,61
157,41,dog,2,zoo,4,61
158,41,cat,2,zoo,4,61
159,41,kangaroo,2,zoo,4,61
160,41,apple,2,zoo,4,61
161,41,zookeeper,2,zoo,4,61
162,41,apple,2,zoo,4,61
163,41,apple,2,zoo,4,61
164,41,orange,2,zoo,4,61
165,41,mango,2,zoo,4,61
52,42,monkey,2,zoo,2,62
53,42,gorilla,2,zoo,2,62
54,42,penguin,2,zoo,2,62
55,42,whale,2,zoo,2,62
56,42,dolphin,2,zoo,2,62
57,42,shark,2,zoo,2,62
58,42,giraffe,2,zoo,2,62
59,42,pig,2,zoo,2,62
60,42,penguin,2,zoo,2,62
61,42,chicken,2,zoo,2,62
62,42,duck,2,zoo,2,62
63,42,shark,2,zoo,2,62
64,42,whale,2,zoo,2,62
65,42,chicken,2,zoo,2,62
66,42,duck,2,zoo,2,62
91,42,elephant,2,zoo,4,63
92,42,dolphin,2,zoo,4,63
93,42,giraffe,2,zoo,4,63
94,42,pig,2,zoo,4,63
95,42,cow,2,zoo,4,63
96,42,dolphin,2,zoo,4,63
97,42,whale,2,zoo,4,63
98,42,whale,2,zoo,4,63
99,42,shark,2,zoo,4,63
100,42,shark,2,zoo,4,63
101,42,monkey,2,zoo,4,63
102,42,gorilla,2,zoo,4,63
103,42,duck,2,zoo,4,63
104,42,chicken,2,zoo,4,63
105,42,swan,2,zoo,4,63
106,42,flamingo,2,zoo,4,63
107,42,pig,2,zoo,4,63
66,43,,2,zoo,2,64
67,43,,2,zoo,2,64
68,43,beluga,2,zoo,2,64
69,43,,2,zoo,2,64
70,43,,2,zoo,2,64
71,43,,2,zoo,2,64
72,43,,2,zoo,2,64
73,43,,2,zoo,2,64
74,43,fish,2,zoo,2,64
75,43,,2,zoo,2,64
76,43,,2,zoo,2,64
77,43,,2,zoo,2,64
78,43,,2,zoo,2,64
79,43,,2,zoo,2,64
80,43,,2,zoo,2,64
81,43,,2,zoo,2,64
82,43,,2,zoo,2,64
187,43,,2,zoo,4,65
188,43,,2,zoo,4,65
189,43,,2,zoo,4,65
190,43,,2,zoo,4,65
191,43,,2,zoo,4,65
192,43,,2,zoo,4,65
193,43,,2,zoo,4,65
194,43,,2,zoo,4,65
195,43,,2,zoo,4,65
196,43,,2,zoo,4,65
197,43,,2,zoo,4,65
198,43,,2,zoo,4,65
199,43,,2,zoo,4,65
200,43,,2,zoo,4,65
201,43,,2,zoo,4,65
202,43,,2,zoo,4,65
203,43,,2,zoo,4,65
204,43,,2,zoo,4,65
205,43,beluga,2,zoo,4,65
206,43,fish,2,zoo,4,65
207,43,,2,zoo,4,65
208,43,,2,zoo,4,65
22,44,giraffes,2,zoo,1,66
23,44,,2,zoo,1,66
24,44,,2,zoo,1,66
25,44,,2,zoo,1,66
26,44,,2,zoo,1,66
27,44,,2,zoo,1,66
28,44,,2,zoo,1,66
29,44,,2,zoo,1,66
30,44,goose,2,zoo,1,66
31,44,,2,zoo,1,66
32,44,,2,zoo,1,66
33,44,mice,2,zoo,1,66
65,44,,2,zoo,3,67
66,44,,2,zoo,3,67
67,44,,2,zoo,3,67
68,44,,2,zoo,3,67
69,44,,2,zoo,3,67
70,44,,2,zoo,3,67
71,44,,2,zoo,3,67
72,44,,2,zoo,3,67
73,44,,2,zoo,3,67
74,44,cheetahs,2,zoo,3,67
75,44,,2,zoo,3,67
76,44,,2,zoo,3,67
77,44,,2,zoo,3,67
19,45,monkey,2,zoo,1,68
20,45,lion,2,zoo,1,68
21,45,monkey,2,zoo,1,68
22,45,lion,2,zoo,1,68
23,45,bear,2,zoo,1,68
24,45,zebra,2,zoo,1,68
25,45,kangaroo,2,zoo,1,68
26,45,,2,zoo,1,68
27,45,,2,zoo,1,68
28,45,,2,zoo,1,68
29,45,grizzly,2,zoo,1,68
30,45,,2,zoo,1,68
31,45,,2,zoo,1,68
32,45,,2,zoo,1,68
121,45,,2,zoo,3,69
122,45,kangaroos,2,zoo,3,69
123,45,,2,zoo,3,69
124,45,,2,zoo,3,69
125,45,grizzly,2,zoo,3,69
126,45,,2,zoo,3,69
127,45,,2,zoo,3,69
128,45,,2,zoo,3,69
23,46,lion,2,zoo,1,70
24,46,cat,2,zoo,1,70
25,46,dog,2,zoo,1,70
26,46,penguin,2,zoo,1,70
27,46,snake,2,zoo,1,70
28,46,owl,2,zoo,1,70
29,46,bird,2,zoo,1,70
30,46,horse,2,zoo,1,70
31,46,monkey,2,zoo,1,70
32,46,pigeon,2,zoo,1,70
33,46,,2,zoo,1,70
34,46,water,2,zoo,1,70
35,46,,2,zoo,1,70
54,46,bat,2,zoo,3,71
55,46,dog,2,zoo,3,71
56,46,snake,2,zoo,3,71
57,46,owl,2,zoo,3,71
58,46,penguin,2,zoo,3,71
59,46,snake,2,zoo,3,71
60,46,fish,2,zoo,3,71
61,46,,2,zoo,3,71
14,47,,2,zoo,1,72
15,47,,2,zoo,1,72
16,47,,2,zoo,1,72
17,47,,2,zoo,1,72
18,47,pandas,2,zoo,1,72
19,47,,2,zoo,1,72
20,47,giraffes,2,zoo,1,72
21,47,,2,zoo,1,72
22,47,,2,zoo,1,72
23,47,,2,zoo,1,72
24,47,playground,2,zoo,1,72
25,47,placeice,2,zoo,1,72
26,47,limeice,2,zoo,1,72
27,47,,2,zoo,1,72
28,47,,2,zoo,1,72
110,47,,2,zoo,3,73
111,47,,2,zoo,3,73
112,47,,2,zoo,3,73
113,47,,2,zoo,3,73
114,47,giraffes,2,zoo,3,73
115,47,giraffes,2,zoo,3,73
116,47,,2,zoo,3,73
117,47,playground,2,zoo,3,73
118,47,placeice,2,zoo,3,73
119,47,giraffe,2,zoo,3,73
120,47,place,2,zoo,3,73
121,47,,2,zoo,3,73
122,47,,2,zoo,3,73
123,47,,2,zoo,3,73
52,48,,2,zoo,2,74
53,48,,2,zoo,2,74
54,48,cow,2,zoo,2,74
55,48,giraffes,2,zoo,2,74
56,48,hippos,2,zoo,2,74
57,48,,2,zoo,2,74
58,48,,2,zoo,2,74
59,48,,2,zoo,2,74
60,48,,2,zoo,2,74
61,48,,2,zoo,2,74
78,48,,2,zoo,4,75
79,48,starfish,2,zoo,4,75
80,48,giraffes,2,zoo,4,75
81,48,,2,zoo,4,75
82,48,,2,zoo,4,75
83,48,,2,zoo,4,75
84,48,giraffes,2,zoo,4,75
85,48,,2,zoo,4,75
86,48,,2,zoo,4,75
87,48,,2,zoo,4,75
88,48,,2,zoo,4,75
89,48,,2,zoo,4,75
90,48,,2,zoo,4,75
91,48,,2,zoo,4,75
92,48,,2,zoo,4,75
37,49,cheetah,2,zoo,2,76
38,49,elephant,2,zoo,2,76
39,49,lion,2,zoo,2,76
40,49,,2,zoo,2,76
41,49,gazelle,2,zoo,2,76
42,49,parrot,2,zoo,2,76
43,49,penguin,2,zoo,2,76
44,49,snake,2,zoo,2,76
45,49,seaurchin,2,zoo,2,76
46,49,seacucumber,2,zoo,2,76
47,49,stingray,2,zoo,2,76
48,49,shark,2,zoo,2,76
81,49,cat,2,zoo,4,77
82,49,cheetah,2,zoo,4,77
83,49,tiger,2,zoo,4,77
84,49,turtle,2,zoo,4,77
85,49,shark,2,zoo,4,77
86,49,penguin,2,zoo,4,77
87,49,jellyfish,2,zoo,4,77
88,49,seaturtle,2,zoo,4,77
89,49,ray,2,zoo,4,77
90,49,halibut,2,zoo,4,77
91,49,jellyfish,2,zoo,4,77
92,49,krill,2,zoo,4,77
