,id,item,category_id,category,round,listnum
31,7,pizza,3,foods,1,1
32,7,maccheese,3,foods,1,1
33,7,pasta,3,foods,1,1
34,7,,3,foods,1,1
35,7,,3,foods,1,1
36,7,grapefruit,3,foods,1,1
37,7,orange,3,foods,1,1
38,7,apple,3,foods,1,1
39,7,clementine,3,foods,1,1
40,7,pear,3,foods,1,1
41,7,broccoli,3,foods,1,1
42,7,celery,3,foods,1,1
43,7,chorizo,3,foods,1,1
44,7,icecream,3,foods,1,1
45,7,cake,3,foods,1,1
46,7,pie,3,foods,1,1
81,7,pizza,3,foods,3,2
82,7,broccoli,3,foods,3,2
83,7,mac,3,foods,3,2
84,7,cheese,3,foods,3,2
85,7,,3,foods,3,2
86,7,,3,foods,3,2
87,7,chorizo,3,foods,3,2
88,7,grapefruit,3,foods,3,2
89,7,apple,3,foods,3,2
90,7,blackberry,3,foods,3,2
91,7,raspberry,3,foods,3,2
92,7,carrot,3,foods,3,2
93,7,carrotpizza,3,foods,3,2
94,7,cabbage,3,foods,3,2
95,7,spinach,3,foods,3,2
96,7,turnip,3,foods,3,2
97,7,iceberg,3,foods,3,2
98,7,snow,3,foods,3,2
99,7,applesauce,3,foods,3,2
100,7,turkey,3,foods,3,2
34,8,doritos,3,foods,2,3
35,8,,3,foods,2,3
36,8,salad,3,foods,2,3
37,8,,3,foods,2,3
38,8,,3,foods,2,3
39,8,food,3,foods,2,3
40,8,,3,foods,2,3
41,8,candy,3,foods,2,3
42,8,,3,foods,2,3
43,8,,3,foods,2,3
44,8,,3,foods,2,3
45,8,mms,3,foods,2,3
99,8,animal,3,foods,4,4
100,8,food,3,foods,4,4
101,8,sheep,3,foods,4,4
102,8,food,3,foods,4,4
103,8,,3,foods,4,4
104,8,food,3,foods,4,4
105,8,chicken,3,foods,4,4
106,8,,3,foods,4,4
107,8,,3,foods,4,4
108,8,turkey,3,foods,4,4
109,8,fish,3,foods,4,4
110,8,chicken,3,foods,4,4
111,8,water,3,foods,4,4
112,8,milk,3,foods,4,4
113,8,chocolatemilk,3,foods,4,4
114,8,turkey,3,foods,4,4
115,8,salad,3,foods,4,4
116,8,turkey,3,foods,4,4
30,9,candy,3,foods,2,5
31,9,chicken,3,foods,2,5
32,9,egg,3,foods,2,5
33,9,bacon,3,foods,2,5
34,9,,3,foods,2,5
35,9,,3,foods,2,5
36,9,,3,foods,2,5
37,9,chocolatecake,3,foods,2,5
38,9,vanillacake,3,foods,2,5
39,9,,3,foods,2,5
40,9,cookie,3,foods,2,5
41,9,,3,foods,2,5
42,9,mango,3,foods,2,5
43,9,coconut,3,foods,2,5
44,9,kiwi,3,foods,2,5
45,9,yogurt,3,foods,2,5
46,9,oreo,3,foods,2,5
47,9,vanilla,3,foods,2,5
48,9,oreo,3,foods,2,5
119,9,chicken,3,foods,4,6
120,9,banana,3,foods,4,6
121,9,strawberry,3,foods,4,6
122,9,kiwi,3,foods,4,6
123,9,banana,3,foods,4,6
124,9,mango,3,foods,4,6
125,9,coconut,3,foods,4,6
126,9,,3,foods,4,6
127,9,,3,foods,4,6
128,9,candy,3,foods,4,6
129,9,mint,3,foods,4,6
130,9,,3,foods,4,6
131,9,,3,foods,4,6
132,9,,3,foods,4,6
133,9,,3,foods,4,6
134,9,,3,foods,4,6
135,9,,3,foods,4,6
37,10,chicken,3,foods,2,7
38,10,rice,3,foods,2,7
39,10,steak,3,foods,2,7
40,10,,3,foods,2,7
41,10,macaroni,3,foods,2,7
42,10,cheese,3,foods,2,7
43,10,hamburger,3,foods,2,7
44,10,soup,3,foods,2,7
45,10,salad,3,foods,2,7
78,10,,3,foods,4,8
79,10,chicken,3,foods,4,8
80,10,steak,3,foods,4,8
81,10,rice,3,foods,4,8
82,10,meat,3,foods,4,8
83,10,bread,3,foods,4,8
84,10,yogurt,3,foods,4,8
85,10,,3,foods,4,8
86,10,milk,3,foods,4,8
87,10,butter,3,foods,4,8
88,10,cheese,3,foods,4,8
30,11,broccoli,3,foods,2,9
31,11,lettuce,3,foods,2,9
32,11,water,3,foods,2,9
33,11,fish,3,foods,2,9
34,11,salmon,3,foods,2,9
35,11,pig,3,foods,2,9
36,11,bacon,3,foods,2,9
37,11,ham,3,foods,2,9
38,11,sausage,3,foods,2,9
39,11,bacon,3,foods,2,9
40,11,ham,3,foods,2,9
41,11,salmon,3,foods,2,9
42,11,milk,3,foods,2,9
43,11,yogurt,3,foods,2,9
44,11,chocolate,3,foods,2,9
129,11,salmon,3,foods,4,10
130,11,broccoli,3,foods,4,10
131,11,lettuce,3,foods,4,10
132,11,fish,3,foods,4,10
133,11,salmon,3,foods,4,10
134,11,goldfish,3,foods,4,10
135,11,goldfish,3,foods,4,10
136,11,food,3,foods,4,10
137,11,cheetos,3,foods,4,10
138,11,applesauce,3,foods,4,10
139,11,,3,foods,4,10
140,11,candy,3,foods,4,10
141,11,chocolate,3,foods,4,10
142,11,pom,3,foods,4,10
23,12,meatball,3,foods,2,11
24,12,,3,foods,2,11
25,12,,3,foods,2,11
26,12,icecream,3,foods,2,11
27,12,,3,foods,2,11
28,12,lollipop,3,foods,2,11
29,12,banana,3,foods,2,11
30,12,apple,3,foods,2,11
31,12,orange,3,foods,2,11
32,12,kiwi,3,foods,2,11
33,12,pineapple,3,foods,2,11
49,12,apple,3,foods,4,12
50,12,banana,3,foods,4,12
51,12,orange,3,foods,4,12
52,12,icecream,3,foods,4,12
53,12,lollipop,3,foods,4,12
54,12,,3,foods,4,12
55,12,bread,3,foods,4,12
56,12,,3,foods,4,12
57,12,broccoli,3,foods,4,12
58,12,,3,foods,4,12
59,12,,3,foods,4,12
60,12,fruitstuff,3,foods,4,12
12,13,corn,3,foods,1,13
13,13,broccoli,3,foods,1,13
14,13,,3,foods,1,13
15,13,,3,foods,1,13
16,13,,3,foods,1,13
17,13,broccoli,3,foods,1,13
18,13,,3,foods,1,13
19,13,canteloupe,3,foods,1,13
20,13,watermelon,3,foods,1,13
21,13,,3,foods,1,13
102,13,,3,foods,4,14
103,13,corn,3,foods,4,14
104,13,watermelon,3,foods,4,14
105,13,broccoli,3,foods,4,14
106,13,,3,foods,4,14
107,13,,3,foods,4,14
108,13,,3,foods,4,14
109,13,grocery,3,foods,4,14
110,13,,3,foods,4,14
111,13,,3,foods,4,14
112,13,corn,3,foods,4,14
18,14,,3,foods,1,15
19,14,,3,foods,1,15
20,14,,3,foods,1,15
21,14,steak,3,foods,1,15
22,14,chicken,3,foods,1,15
23,14,bread,3,foods,1,15
24,14,avocados,3,foods,1,15
25,14,,3,foods,1,15
26,14,,3,foods,1,15
27,14,,3,foods,1,15
28,14,grape,3,foods,1,15
29,14,,3,foods,1,15
30,14,raspberry,3,foods,1,15
31,14,,3,foods,1,15
32,14,,3,foods,1,15
33,14,pancake,3,foods,1,15
34,14,,3,foods,1,15
35,14,,3,foods,1,15
36,14,pinkie,3,foods,1,15
76,14,,3,foods,3,16
77,14,,3,foods,3,16
78,14,,3,foods,3,16
79,14,,3,foods,3,16
80,14,,3,foods,3,16
81,14,,3,foods,3,16
82,14,shrimp,3,foods,3,16
83,14,steak,3,foods,3,16
84,14,chicken,3,foods,3,16
85,14,icecream,3,foods,3,16
86,14,ice,3,foods,3,16
87,14,cream,3,foods,3,16
88,14,cheese,3,foods,3,16
89,14,meat,3,foods,3,16
90,14,turkey,3,foods,3,16
91,14,ham,3,foods,3,16
92,14,syrup,3,foods,3,16
93,14,cereal,3,foods,3,16
57,15,bacon,3,foods,2,17
58,15,pork,3,foods,2,17
59,15,chicken,3,foods,2,17
60,15,drumstick,3,foods,2,17
61,15,,3,foods,2,17
62,15,chicken,3,foods,2,17
63,15,,3,foods,2,17
64,15,broccoli,3,foods,2,17
65,15,spinach,3,foods,2,17
66,15,,3,foods,2,17
67,15,,3,foods,2,17
68,15,pasta,3,foods,2,17
69,15,pasta,3,foods,2,17
70,15,sauce,3,foods,2,17
71,15,yogurt,3,foods,2,17
72,15,granola,3,foods,2,17
73,15,cereal,3,foods,2,17
74,15,,3,foods,2,17
125,15,,3,foods,4,18
126,15,,3,foods,4,18
127,15,,3,foods,4,18
128,15,chicken,3,foods,4,18
129,15,bacon,3,foods,4,18
130,15,pasta,3,foods,4,18
131,15,bacon,3,foods,4,18
132,15,pork,3,foods,4,18
133,15,chicken,3,foods,4,18
134,15,,3,foods,4,18
135,15,,3,foods,4,18
136,15,,3,foods,4,18
137,15,,3,foods,4,18
138,15,,3,foods,4,18
139,15,,3,foods,4,18
140,15,cheese,3,foods,4,18
141,15,goatcheese,3,foods,4,18
142,15,milk,3,foods,4,18
35,18,sandwich,3,foods,2,19
36,18,cereal,3,foods,2,19
37,18,pasta,3,foods,2,19
38,18,pizza,3,foods,2,19
39,18,dessert,3,foods,2,19
40,18,icecream,3,foods,2,19
41,18,pepper,3,foods,2,19
42,18,apple,3,foods,2,19
43,18,banana,3,foods,2,19
44,18,orange,3,foods,2,19
45,18,cereal,3,foods,2,19
46,18,cereal,3,foods,2,19
47,18,kiwi,3,foods,2,19
48,18,avocado,3,foods,2,19
49,18,grapefruit,3,foods,2,19
50,18,grape,3,foods,2,19
51,18,zucchini,3,foods,2,19
52,18,chicken,3,foods,2,19
53,18,steak,3,foods,2,19
91,18,,3,foods,4,20
92,18,,3,foods,4,20
93,18,,3,foods,4,20
94,18,icecream,3,foods,4,20
95,18,,3,foods,4,20
96,18,icecream,3,foods,4,20
97,18,icecreamsandwich,3,foods,4,20
98,18,brownie,3,foods,4,20
99,18,milk,3,foods,4,20
100,18,dog,3,foods,4,20
101,18,,3,foods,4,20
39,19,,3,foods,2,21
40,19,broccoli,3,foods,2,21
41,19,rice,3,foods,2,21
42,19,spinach,3,foods,2,21
43,19,chicken,3,foods,2,21
44,19,maccheese,3,foods,2,21
45,19,broccoli,3,foods,2,21
46,19,string,3,foods,2,21
47,19,,3,foods,2,21
48,19,,3,foods,2,21
49,19,meat,3,foods,2,21
50,19,shrimp,3,foods,2,21
51,19,lollipop,3,foods,2,21
52,19,,3,foods,2,21
53,19,,3,foods,2,21
103,19,zucchini,3,foods,4,22
104,19,strawberry,3,foods,4,22
105,19,lettuce,3,foods,4,22
106,19,avocado,3,foods,4,22
107,19,spinach,3,foods,4,22
108,19,apple,3,foods,4,22
109,19,cheese,3,foods,4,22
110,19,yogurt,3,foods,4,22
111,19,strawberry,3,foods,4,22
112,19,banana,3,foods,4,22
113,19,tomato,3,foods,4,22
114,19,string,3,foods,4,22
115,19,corn,3,foods,4,22
116,19,broccoli,3,foods,4,22
117,19,zucchini,3,foods,4,22
118,19,,3,foods,4,22
119,19,maccheese,3,foods,4,22
120,19,,3,foods,4,22
42,20,,3,foods,2,23
43,20,elephant,3,foods,2,23
44,20,tree,3,foods,2,23
45,20,fish,3,foods,2,23
46,20,turkey,3,foods,2,23
47,20,hamburger,3,foods,2,23
48,20,everything,3,foods,2,23
49,20,maccheese,3,foods,2,23
50,20,yogurt,3,foods,2,23
51,20,,3,foods,2,23
52,20,,3,foods,2,23
67,20,chicken,3,foods,4,24
68,20,chickaletta,3,foods,4,24
69,20,maccheese,3,foods,4,24
70,20,,3,foods,4,24
71,20,,3,foods,4,24
72,20,ham,3,foods,4,24
73,20,salmon,3,foods,4,24
74,20,,3,foods,4,24
12,21,broccoli,3,foods,1,25
13,21,carrot,3,foods,1,25
14,21,fruit,3,foods,1,25
15,21,vegetable,3,foods,1,25
16,21,carrot,3,foods,1,25
17,21,pizza,3,foods,1,25
18,21,pizza,3,foods,1,25
19,21,carrot,3,foods,1,25
20,21,salad,3,foods,1,25
21,21,cucumber,3,foods,1,25
63,21,pizza,3,foods,3,26
64,21,worm,3,foods,3,26
65,21,vegetable,3,foods,3,26
66,21,,3,foods,3,26
67,21,food,3,foods,3,26
68,21,carrot,3,foods,3,26
69,21,,3,foods,3,26
70,21,strawberry,3,foods,3,26
71,21,banana,3,foods,3,26
72,21,pizza,3,foods,3,26
73,21,carrot,3,foods,3,26
74,21,reading,3,foods,3,26
75,21,food,3,foods,3,26
76,21,pizza,3,foods,3,26
77,21,carrot,3,foods,3,26
78,21,,3,foods,3,26
26,22,,3,foods,1,27
27,22,,3,foods,1,27
28,22,,3,foods,1,27
29,22,pizza,3,foods,1,27
30,22,,3,foods,1,27
31,22,,3,foods,1,27
32,22,,3,foods,1,27
33,22,,3,foods,1,27
34,22,yogurt,3,foods,1,27
35,22,maccheese,3,foods,1,27
36,22,,3,foods,1,27
37,22,,3,foods,1,27
38,22,papaya,3,foods,1,27
39,22,popcorn,3,foods,1,27
40,22,cheese,3,foods,1,27
41,22,cheese,3,foods,1,27
42,22,milk,3,foods,1,27
43,22,water,3,foods,1,27
44,22,juice,3,foods,1,27
45,22,orange,3,foods,1,27
46,22,,3,foods,1,27
74,22,,3,foods,3,28
75,22,,3,foods,3,28
76,22,,3,foods,3,28
77,22,,3,foods,3,28
78,22,popcorn,3,foods,3,28
79,22,,3,foods,3,28
80,22,water,3,foods,3,28
81,22,juice,3,foods,3,28
82,22,milk,3,foods,3,28
83,22,cheese,3,foods,3,28
84,22,cheese,3,foods,3,28
85,22,,3,foods,3,28
86,22,,3,foods,3,28
14,23,pizza,3,foods,1,29
15,23,pasta,3,foods,1,29
16,23,cheese,3,foods,1,29
17,23,banana,3,foods,1,29
18,23,cereal,3,foods,1,29
19,23,chocolatecomputer,3,foods,1,29
20,23,chocolatehat,3,foods,1,29
21,23,chocolatepom-pom,3,foods,1,29
22,23,chocolateeverything,3,foods,1,29
70,23,pasta,3,foods,3,30
71,23,pizza,3,foods,3,30
72,23,typepizza,3,foods,3,30
73,23,food,3,foods,3,30
74,23,fish,3,foods,3,30
75,23,,3,foods,3,30
76,23,broccoli,3,foods,3,30
77,23,cheese,3,foods,3,30
35,24,toast,3,foods,1,31
36,24,chocolate,3,foods,1,31
37,24,,3,foods,1,31
38,24,cream,3,foods,1,31
39,24,strawberry,3,foods,1,31
40,24,raspberry,3,foods,1,31
41,24,banana,3,foods,1,31
42,24,apple,3,foods,1,31
43,24,meat,3,foods,1,31
44,24,broccoli,3,foods,1,31
45,24,lettuce,3,foods,1,31
46,24,spinach,3,foods,1,31
47,24,artichoke,3,foods,1,31
48,24,tomato,3,foods,1,31
49,24,peach,3,foods,1,31
50,24,,3,foods,1,31
51,24,,3,foods,1,31
52,24,icecream,3,foods,1,31
89,24,banana,3,foods,3,32
90,24,apple,3,foods,3,32
91,24,shrimp,3,foods,3,32
92,24,lettuce,3,foods,3,32
93,24,spinach,3,foods,3,32
94,24,zucchini,3,foods,3,32
95,24,broccoli,3,foods,3,32
96,24,tomato,3,foods,3,32
97,24,orange,3,foods,3,32
98,24,celementine,3,foods,3,32
99,24,tangerine,3,foods,3,32
100,24,grapefruit,3,foods,3,32
101,24,dragonfruit,3,foods,3,32
102,24,beef,3,foods,3,32
103,24,pork,3,foods,3,32
104,24,meat,3,foods,3,32
11,25,pasta,3,foods,2,33
12,25,bellpepper,3,foods,2,33
13,25,vegetable,3,foods,2,33
14,25,kiwi,3,foods,2,33
15,25,granola,3,foods,2,33
33,25,bellpepper,3,foods,4,34
34,25,,3,foods,4,34
35,25,,3,foods,4,34
36,25,,3,foods,4,34
37,25,,3,foods,4,34
38,25,,3,foods,4,34
39,25,ricekrispy,3,foods,4,34
40,25,,3,foods,4,34
25,26,pizza,3,foods,2,35
26,26,noodle,3,foods,2,35
27,26,,3,foods,2,35
28,26,,3,foods,2,35
29,26,treat,3,foods,2,35
30,26,,3,foods,2,35
31,26,cinnamon,3,foods,2,35
32,26,regular,3,foods,2,35
69,26,pizza,3,foods,4,36
70,26,pepperoni,3,foods,4,36
71,26,pizza,3,foods,4,36
72,26,,3,foods,4,36
73,26,pizza,3,foods,4,36
28,28,goulash,3,foods,2,37
29,28,rice,3,foods,2,37
30,28,shrimp,3,foods,2,37
31,28,fish,3,foods,2,37
32,28,,3,foods,2,37
33,28,chicken,3,foods,2,37
34,28,icecream,3,foods,2,37
35,28,custard,3,foods,2,37
36,28,custard,3,foods,2,37
37,28,,3,foods,2,37
72,28,icecream,3,foods,4,38
73,28,cherry,3,foods,4,38
74,28,strawberry,3,foods,4,38
75,28,cucumber,3,foods,4,38
76,28,alphabetcookie,3,foods,4,38
77,28,bread,3,foods,4,38
78,28,icecream,3,foods,4,38
79,28,,3,foods,4,38
80,28,seabar,3,foods,4,38
81,28,cliffbar,3,foods,4,38
82,28,pickle,3,foods,4,38
83,28,banana,3,foods,4,38
61,29,sushi,3,foods,2,39
62,29,rice,3,foods,2,39
63,29,chicken,3,foods,2,39
64,29,pizza,3,foods,2,39
65,29,hamburger,3,foods,2,39
66,29,mushroom,3,foods,2,39
67,29,vegetable,3,foods,2,39
68,29,candy,3,foods,2,39
69,29,hershey,3,foods,2,39
70,29,lollipop,3,foods,2,39
71,29,beef,3,foods,2,39
72,29,chicken,3,foods,2,39
73,29,cabbage,3,foods,2,39
74,29,fish,3,foods,2,39
75,29,salmon,3,foods,2,39
76,29,cow,3,foods,2,39
104,29,chicken,3,foods,4,40
105,29,roastchicken,3,foods,4,40
106,29,cheese,3,foods,4,40
107,29,chicken,3,foods,4,40
108,29,hamburger,3,foods,4,40
109,29,quesadilla,3,foods,4,40
110,29,sausage,3,foods,4,40
111,29,dog,3,foods,4,40
112,29,bun,3,foods,4,40
113,29,dogbun,3,foods,4,40
114,29,chicken,3,foods,4,40
115,29,chicken,3,foods,4,40
116,29,chicken,3,foods,4,40
8,30,pizza,3,foods,1,41
9,30,tacos,3,foods,1,41
10,30,brussel,3,foods,1,41
11,30,eggplant,3,foods,1,41
12,30,game,3,foods,1,41
13,30,bat,3,foods,1,41
14,30,maccheese,3,foods,1,41
15,30,chicken,3,foods,1,41
16,30,broccoli,3,foods,1,41
17,30,corn,3,foods,1,41
18,30,apple,3,foods,1,41
19,30,banana,3,foods,1,41
20,30,,3,foods,1,41
21,30,icecream,3,foods,1,41
22,30,candy,3,foods,1,41
23,30,salmon,3,foods,1,41
24,30,cheese,3,foods,1,41
25,30,soup,3,foods,1,41
81,30,taco,3,foods,3,42
82,30,pizza,3,foods,3,42
83,30,maccheese,3,foods,3,42
84,30,brussel,3,foods,3,42
85,30,broccoli,3,foods,3,42
86,30,corn,3,foods,3,42
87,30,apple,3,foods,3,42
88,30,banana,3,foods,3,42
89,30,pear,3,foods,3,42
90,30,cheese,3,foods,3,42
91,30,icecream,3,foods,3,42
92,30,chocolate,3,foods,3,42
93,30,candy,3,foods,3,42
94,30,quesadilla,3,foods,3,42
95,30,muffin,3,foods,3,42
96,30,bagel,3,foods,3,42
97,30,toast,3,foods,3,42
98,30,sandwich,3,foods,3,42
20,31,turkey,3,foods,1,43
21,31,soup,3,foods,1,43
22,31,,3,foods,1,43
23,31,pepper,3,foods,1,43
24,31,orange,3,foods,1,43
25,31,banana,3,foods,1,43
26,31,strawberry,3,foods,1,43
27,31,dragonfruit,3,foods,1,43
28,31,watermelon,3,foods,1,43
29,31,chicken,3,foods,1,43
30,31,icecream,3,foods,1,43
31,31,,3,foods,1,43
32,31,icecream,3,foods,1,43
33,31,,3,foods,1,43
34,31,yoghurt,3,foods,1,43
35,31,mm-hmm,3,foods,1,43
64,31,meat,3,foods,3,44
65,31,,3,foods,3,44
66,31,,3,foods,3,44
67,31,,3,foods,3,44
68,31,,3,foods,3,44
69,31,yogurt,3,foods,3,44
70,31,,3,foods,3,44
71,31,,3,foods,3,44
72,31,purple,3,foods,3,44
73,31,,3,foods,3,44
74,31,,3,foods,3,44
75,31,mandarin,3,foods,3,44
76,31,milk,3,foods,3,44
77,31,chocolatemilk,3,foods,3,44
78,31,vanilla,3,foods,3,44
79,31,vanillamilk,3,foods,3,44
80,31,peach,3,foods,3,44
81,31,,3,foods,3,44
82,31,,3,foods,3,44
8,32,cucumber,3,foods,1,45
9,32,carrot,3,foods,1,45
10,32,bellpepper,3,foods,1,45
11,32,potato,3,foods,1,45
12,32,,3,foods,1,45
13,32,lettuce,3,foods,1,45
14,32,corn,3,foods,1,45
66,32,,3,foods,3,46
67,32,chicken,3,foods,3,46
68,32,rice,3,foods,3,46
69,32,daal,3,foods,3,46
70,32,roti,3,foods,3,46
71,32,corn,3,foods,3,46
72,32,,3,foods,3,46
73,32,,3,foods,3,46
74,32,,3,foods,3,46
75,32,,3,foods,3,46
76,32,cake,3,foods,3,46
77,32,icecream,3,foods,3,46
78,32,,3,foods,3,46
15,33,fish,3,foods,1,47
16,33,rice,3,foods,1,47
17,33,,3,foods,1,47
18,33,popcorn,3,foods,1,47
19,33,,3,foods,1,47
20,33,pasta,3,foods,1,47
37,33,icecream,3,foods,3,48
38,33,chocolate,3,foods,3,48
39,33,chocolatecake,3,foods,3,48
40,33,pasta,3,foods,3,48
41,33,coconut,3,foods,3,48
42,33,,3,foods,3,48
43,33,,3,foods,3,48
44,33,,3,foods,3,48
45,33,,3,foods,3,48
46,33,,3,foods,3,48
47,33,fish,3,foods,3,48
48,33,giraffes,3,foods,3,48
49,33,,3,foods,3,48
50,33,,3,foods,3,48
51,33,gold,3,foods,3,48
52,33,fish,3,foods,3,48
5,34,cupcake,3,foods,2,49
6,34,chocolate,3,foods,2,49
7,34,icecream,3,foods,2,49
8,34,popcorn,3,foods,2,49
9,34,icecream,3,foods,2,49
10,34,popcorn,3,foods,2,49
11,34,cookie,3,foods,2,49
20,34,icecream,3,foods,4,50
21,34,rice,3,foods,4,50
22,34,meat,3,foods,4,50
23,34,peach,3,foods,4,50
24,34,dunkindonut,3,foods,4,50
25,34,apple,3,foods,4,50
26,34,mango,3,foods,4,50
27,34,lollipop,3,foods,4,50
42,35,bread,3,foods,2,51
43,35,butter,3,foods,2,51
44,35,,3,foods,2,51
45,35,,3,foods,2,51
46,35,,3,foods,2,51
47,35,,3,foods,2,51
48,35,,3,foods,2,51
49,35,,3,foods,2,51
50,35,,3,foods,2,51
51,35,broccoli,3,foods,2,51
52,35,rice,3,foods,2,51
53,35,corn,3,foods,2,51
54,35,,3,foods,2,51
55,35,sunflower,3,foods,2,51
56,35,gum,3,foods,2,51
57,35,rosemary,3,foods,2,51
58,35,cheese,3,foods,2,51
59,35,cheese,3,foods,2,51
60,35,cheese,3,foods,2,51
61,35,cut,3,foods,2,51
113,35,bread,3,foods,4,52
114,35,butter,3,foods,4,52
115,35,banana,3,foods,4,52
116,35,apple,3,foods,4,52
117,35,clementine,3,foods,4,52
118,35,orange,3,foods,4,52
119,35,rice,3,foods,4,52
120,35,broccoli,3,foods,4,52
121,35,corn,3,foods,4,52
122,35,carrot,3,foods,4,52
123,35,broccoli,3,foods,4,52
124,35,lettuce,3,foods,4,52
125,35,,3,foods,4,52
126,35,tomatosauce,3,foods,4,52
127,35,pizzasauce,3,foods,4,52
128,35,cheese,3,foods,4,52
129,35,crust,3,foods,4,52
39,36,,3,foods,2,53
40,36,broccoli,3,foods,2,53
41,36,rice,3,foods,2,53
42,36,salmon,3,foods,2,53
43,36,salmonfish,3,foods,2,53
44,36,fish,3,foods,2,53
45,36,,3,foods,2,53
46,36,,3,foods,2,53
47,36,,3,foods,2,53
48,36,radish,3,foods,2,53
49,36,tomato,3,foods,2,53
50,36,broccoli,3,foods,2,53
51,36,broccoli,3,foods,2,53
52,36,beef,3,foods,2,53
53,36,burntflesh,3,foods,2,53
54,36,wine,3,foods,2,53
81,36,lettuce,3,foods,4,54
82,36,strawberry,3,foods,4,54
83,36,blueberry,3,foods,4,54
84,36,grape,3,foods,4,54
85,36,rice,3,foods,4,54
86,36,,3,foods,4,54
87,36,rice,3,foods,4,54
88,36,salmon,3,foods,4,54
89,36,salmonfish,3,foods,4,54
90,36,beef,3,foods,4,54
91,36,beef,3,foods,4,54
92,36,popcorn,3,foods,4,54
6,37,maccheese,3,foods,1,55
7,37,hamburger,3,foods,1,55
8,37,,3,foods,1,55
9,37,rice,3,foods,1,55
10,37,lettuce,3,foods,1,55
11,37,,3,foods,1,55
12,37,mango,3,foods,1,55
13,37,bread,3,foods,1,55
14,37,cake,3,foods,1,55
15,37,donut,3,foods,1,55
16,37,icecream,3,foods,1,55
17,37,lettuce,3,foods,1,55
18,37,eggplant,3,foods,1,55
19,37,pineapple,3,foods,1,55
68,37,hamburger,3,foods,3,56
69,37,steak,3,foods,3,56
70,37,,3,foods,3,56
71,37,corn,3,foods,3,56
72,37,,3,foods,3,56
73,37,,3,foods,3,56
74,37,eggplant,3,foods,3,56
75,37,,3,foods,3,56
76,37,,3,foods,3,56
77,37,,3,foods,3,56
78,37,,3,foods,3,56
79,37,pizza,3,foods,3,56
80,37,pepperoni,3,foods,3,56
81,37,cheese,3,foods,3,56
82,37,sauce,3,foods,3,56
12,38,broccoli,3,foods,1,57
13,38,cheeseburger,3,foods,1,57
14,38,snack,3,foods,1,57
15,38,cheese,3,foods,1,57
16,38,pasta,3,foods,1,57
17,38,,3,foods,1,57
18,38,ham,3,foods,1,57
19,38,steak,3,foods,1,57
20,38,chicken,3,foods,1,57
21,38,meat,3,foods,1,57
22,38,pear,3,foods,1,57
23,38,purple,3,foods,1,57
39,38,apple,3,foods,3,58
40,38,broccoli,3,foods,3,58
41,38,grape,3,foods,3,58
42,38,vegetable,3,foods,3,58
43,38,tomato,3,foods,3,58
44,38,banana,3,foods,3,58
45,38,pear,3,foods,3,58
46,38,strawberry,3,foods,3,58
47,38,raspberry,3,foods,3,58
48,38,grape,3,foods,3,58
49,38,grape,3,foods,3,58
50,38,strawberry,3,foods,3,58
51,38,pear,3,foods,3,58
52,38,strawberry,3,foods,3,58
53,38,,3,foods,3,58
11,40,apple,3,foods,1,59
12,40,pear,3,foods,1,59
13,40,banana,3,foods,1,59
14,40,broccoli,3,foods,1,59
15,40,tomato,3,foods,1,59
16,40,eggplant,3,foods,1,59
17,40,bittermelon,3,foods,1,59
18,40,spinach,3,foods,1,59
19,40,,3,foods,1,59
20,40,banana,3,foods,1,59
21,40,strawberry,3,foods,1,59
22,40,,3,foods,1,59
23,40,,3,foods,1,59
24,40,cookie,3,foods,1,59
25,40,donut,3,foods,1,59
26,40,chocolatechipcookie,3,foods,1,59
27,40,raisincookie,3,foods,1,59
28,40,pepper,3,foods,1,59
29,40,zucchini,3,foods,1,59
30,40,ham,3,foods,1,59
31,40,chicken,3,foods,1,59
102,40,cabbage,3,foods,3,60
103,40,lettuce,3,foods,3,60
104,40,corn,3,foods,3,60
105,40,cereal,3,foods,3,60
106,40,pepper,3,foods,3,60
107,40,lettuce,3,foods,3,60
108,40,corn,3,foods,3,60
109,40,,3,foods,3,60
110,40,chicken,3,foods,3,60
111,40,strawberry,3,foods,3,60
112,40,broccoli,3,foods,3,60
113,40,eggplant,3,foods,3,60
114,40,tomato,3,foods,3,60
115,40,bittermelon,3,foods,3,60
116,40,strawberry,3,foods,3,60
117,40,,3,foods,3,60
118,40,chocolatechipcookie,3,foods,3,60
119,40,raisincookie,3,foods,3,60
120,40,plaincookie,3,foods,3,60
121,40,chocolatecookie,3,foods,3,60
122,40,muffin,3,foods,3,60
123,40,bread,3,foods,3,60
124,40,raisinbread,3,foods,3,60
125,40,cornbread,3,foods,3,60
63,41,word,3,foods,2,61
64,41,,3,foods,2,61
65,41,pizza,3,foods,2,61
66,41,lomein,3,foods,2,61
67,41,food,3,foods,2,61
68,41,,3,foods,2,61
69,41,,3,foods,2,61
70,41,quesadilla,3,foods,2,61
71,41,taco,3,foods,2,61
72,41,burrito,3,foods,2,61
73,41,salad,3,foods,2,61
74,41,potato,3,foods,2,61
75,41,salad,3,foods,2,61
76,41,cherry,3,foods,2,61
77,41,salad,3,foods,2,61
78,41,tomato,3,foods,2,61
79,41,cherry,3,foods,2,61
80,41,cherrytomato,3,foods,2,61
81,41,salad,3,foods,2,61
82,41,mushroom,3,foods,2,61
83,41,mushroompizza,3,foods,2,61
121,41,,3,foods,4,62
122,41,,3,foods,4,62
123,41,right,3,foods,4,62
124,41,apple,3,foods,4,62
125,41,orange,3,foods,4,62
126,41,peach,3,foods,4,62
127,41,grape,3,foods,4,62
128,41,mandarin,3,foods,4,62
129,41,tangerine,3,foods,4,62
130,41,yeah,3,foods,4,62
131,41,mango,3,foods,4,62
132,41,lemon,3,foods,4,62
133,41,candy,3,foods,4,62
134,41,grape,3,foods,4,62
135,41,tissuebox,3,foods,4,62
136,41,lomein,3,foods,4,62
137,41,word,3,foods,4,62
138,41,mermaid,3,foods,4,62
139,41,salad,3,foods,4,62
140,41,pizza,3,foods,4,62
141,41,maccheese,3,foods,4,62
142,41,,3,foods,4,62
39,42,meat,3,foods,2,63
40,42,duck,3,foods,2,63
41,42,chicken,3,foods,2,63
42,42,asparagus,3,foods,2,63
43,42,radish,3,foods,2,63
44,42,fish,3,foods,2,63
45,42,banana,3,foods,2,63
46,42,kiwi,3,foods,2,63
47,42,raspberry,3,foods,2,63
48,42,blackberry,3,foods,2,63
49,42,pear,3,foods,2,63
50,42,lemon,3,foods,2,63
51,42,strawberry,3,foods,2,63
108,42,kiwi,3,foods,4,64
109,42,pig,3,foods,4,64
110,42,cow,3,foods,4,64
111,42,elephant,3,foods,4,64
112,42,duck,3,foods,4,64
113,42,raspberry,3,foods,4,64
114,42,chicken,3,foods,4,64
115,42,meat,3,foods,4,64
116,42,radish,3,foods,4,64
117,42,asparagus,3,foods,4,64
118,42,broccoli,3,foods,4,64
119,42,rice,3,foods,4,64
120,42,pig,3,foods,4,64
121,42,duck,3,foods,4,64
122,42,pig,3,foods,4,64
83,43,basil,3,foods,2,65
84,43,nerd,3,foods,2,65
85,43,candy,3,foods,2,65
86,43,,3,foods,2,65
87,43,meat,3,foods,2,65
88,43,fish,3,foods,2,65
89,43,,3,foods,2,65
90,43,salmon,3,foods,2,65
91,43,lettuce,3,foods,2,65
92,43,,3,foods,2,65
93,43,,3,foods,2,65
94,43,,3,foods,2,65
95,43,asparagus,3,foods,2,65
96,43,,3,foods,2,65
97,43,,3,foods,2,65
98,43,watermelon,3,foods,2,65
99,43,sausage,3,foods,2,65
100,43,lamb,3,foods,2,65
101,43,chop,3,foods,2,65
102,43,pork,3,foods,2,65
103,43,chop,3,foods,2,65
104,43,bacon,3,foods,2,65
105,43,,3,foods,2,65
159,43,food,3,foods,4,66
160,43,fish,3,foods,4,66
161,43,,3,foods,4,66
162,43,,3,foods,4,66
163,43,stuff,3,foods,4,66
164,43,grocerystuff,3,foods,4,66
165,43,,3,foods,4,66
166,43,sausage,3,foods,4,66
167,43,,3,foods,4,66
168,43,caramel,3,foods,4,66
169,43,,3,foods,4,66
170,43,candy,3,foods,4,66
171,43,twix,3,foods,4,66
172,43,,3,foods,4,66
173,43,kitkat,3,foods,4,66
174,43,kitkat,3,foods,4,66
175,43,asparagus,3,foods,4,66
176,43,chip,3,foods,4,66
177,43,,3,foods,4,66
178,43,sushi,3,foods,4,66
179,43,,3,foods,4,66
180,43,cake,3,foods,4,66
181,43,,3,foods,4,66
182,43,anything,3,foods,4,66
183,43,,3,foods,4,66
184,43,,3,foods,4,66
185,43,meat,3,foods,4,66
186,43,watermelon,3,foods,4,66
6,44,,3,foods,1,67
7,44,,3,foods,1,67
8,44,hamburger,3,foods,1,67
9,44,,3,foods,1,67
10,44,guacamole,3,foods,1,67
11,44,chicken,3,foods,1,67
12,44,,3,foods,1,67
13,44,broccoli,3,foods,1,67
14,44,,3,foods,1,67
15,44,,3,foods,1,67
16,44,cheese,3,foods,1,67
17,44,milk,3,foods,1,67
18,44,juice,3,foods,1,67
19,44,,3,foods,1,67
20,44,,3,foods,1,67
21,44,,3,foods,1,67
78,44,,3,foods,3,68
79,44,cheetohs,3,foods,3,68
80,44,fruit,3,foods,3,68
81,44,mayonnaise,3,foods,3,68
82,44,,3,foods,3,68
83,44,,3,foods,3,68
84,44,,3,foods,3,68
85,44,,3,foods,3,68
86,44,corn,3,foods,3,68
87,44,popcorn,3,foods,3,68
88,44,,3,foods,3,68
89,44,broccoli,3,foods,3,68
90,44,,3,foods,3,68
91,44,zucchini,3,foods,3,68
92,44,jalapeños,3,foods,3,68
93,44,,3,foods,3,68
94,44,,3,foods,3,68
95,44,,3,foods,3,68
96,44,,3,foods,3,68
97,44,,3,foods,3,68
33,45,,3,foods,1,69
34,45,cottoncandy,3,foods,1,69
35,45,maccheese,3,foods,1,69
36,45,,3,foods,1,69
37,45,lettuce,3,foods,1,69
38,45,broccoli,3,foods,1,69
39,45,,3,foods,1,69
40,45,potato,3,foods,1,69
41,45,cheetos,3,foods,1,69
42,45,,3,foods,1,69
43,45,bread,3,foods,1,69
44,45,,3,foods,1,69
45,45,grass,3,foods,1,69
46,45,salad,3,foods,1,69
47,45,,3,foods,1,69
48,45,cauliflower,3,foods,1,69
49,45,cabbage,3,foods,1,69
50,45,wood,3,foods,1,69
51,45,,3,foods,1,69
52,45,,3,foods,1,69
53,45,,3,foods,1,69
54,45,,3,foods,1,69
55,45,,3,foods,1,69
56,45,,3,foods,1,69
57,45,,3,foods,1,69
94,45,,3,foods,3,70
95,45,cheeseburger,3,foods,3,70
96,45,maccheese,3,foods,3,70
97,45,chicken,3,foods,3,70
98,45,toast,3,foods,3,70
99,45,,3,foods,3,70
100,45,,3,foods,3,70
101,45,,3,foods,3,70
102,45,,3,foods,3,70
103,45,toast,3,foods,3,70
104,45,butter,3,foods,3,70
105,45,creamcheese,3,foods,3,70
106,45,,3,foods,3,70
107,45,,3,foods,3,70
108,45,lettuce,3,foods,3,70
109,45,cabbage,3,foods,3,70
110,45,cauliflower,3,foods,3,70
111,45,broccoli,3,foods,3,70
112,45,,3,foods,3,70
113,45,,3,foods,3,70
114,45,,3,foods,3,70
115,45,,3,foods,3,70
116,45,,3,foods,3,70
117,45,,3,foods,3,70
118,45,cinnamon,3,foods,3,70
119,45,cinnamonapplesauce,3,foods,3,70
120,45,applejuice,3,foods,3,70
14,46,sandwich,3,foods,1,71
15,46,peanutbutter,3,foods,1,71
16,46,peanut,3,foods,1,71
17,46,ketchup,3,foods,1,71
18,46,,3,foods,1,71
19,46,applesauce,3,foods,1,71
20,46,apple,3,foods,1,71
21,46,banana,3,foods,1,71
22,46,candy,3,foods,1,71
62,46,apple,3,foods,3,72
63,46,banana,3,foods,3,72
64,46,applesauce,3,foods,3,72
65,46,cheesypasta,3,foods,3,72
66,46,candy,3,foods,3,72
67,46,applejuice,3,foods,3,72
68,46,milk,3,foods,3,72
69,46,water,3,foods,3,72
70,46,lemonade,3,foods,3,72
71,46,apple,3,foods,3,72
29,47,kleinbar,3,foods,1,73
30,47,pizza,3,foods,1,73
31,47,maccheese,3,foods,1,73
32,47,apple,3,foods,1,73
33,47,applesauce,3,foods,1,73
34,47,ice,3,foods,1,73
35,47,icecream,3,foods,1,73
36,47,,3,foods,1,73
37,47,candy,3,foods,1,73
38,47,,3,foods,1,73
39,47,cake,3,foods,1,73
40,47,drink,3,foods,1,73
41,47,,3,foods,1,73
42,47,party,3,foods,1,73
43,47,,3,foods,1,73
44,47,granola,3,foods,1,73
45,47,candy,3,foods,1,73
46,47,candyorange,3,foods,1,73
47,47,zombie,3,foods,1,73
91,47,celery,3,foods,3,74
92,47,log,3,foods,3,74
93,47,peanutbutter,3,foods,3,74
94,47,butter,3,foods,3,74
95,47,log,3,foods,3,74
96,47,,3,foods,3,74
97,47,,3,foods,3,74
98,47,,3,foods,3,74
99,47,lemon,3,foods,3,74
100,47,lime,3,foods,3,74
101,47,celery,3,foods,3,74
102,47,lettuce,3,foods,3,74
103,47,guineafood,3,foods,3,74
104,47,peanutbutter,3,foods,3,74
105,47,guineapig,3,foods,3,74
106,47,water,3,foods,3,74
107,47,soda,3,foods,3,74
108,47,,3,foods,3,74
109,47,food,3,foods,3,74
43,48,potato,3,foods,2,75
44,48,macaronicheese,3,foods,2,75
45,48,cheese,3,foods,2,75
46,48,,3,foods,2,75
47,48,,3,foods,2,75
48,48,,3,foods,2,75
49,48,pineapple,3,foods,2,75
50,48,,3,foods,2,75
51,48,,3,foods,2,75
93,48,tofu,3,foods,4,76
94,48,,3,foods,4,76
95,48,,3,foods,4,76
96,48,macaronicheese,3,foods,4,76
97,48,cheese,3,foods,4,76
98,48,,3,foods,4,76
99,48,lettuce,3,foods,4,76
100,48,,3,foods,4,76
101,48,,3,foods,4,76
102,48,,3,foods,4,76
103,48,watermelon,3,foods,4,76
104,48,,3,foods,4,76
105,48,,3,foods,4,76
49,49,,3,foods,2,77
50,49,rice,3,foods,2,77
51,49,chicken,3,foods,2,77
52,49,,3,foods,2,77
53,49,meat,3,foods,2,77
73,49,,3,foods,4,78
74,49,rice,3,foods,4,78
75,49,meat,3,foods,4,78
76,49,chicken,3,foods,4,78
77,49,carrot,3,foods,4,78
78,49,veggie,3,foods,4,78
79,49,blueberry,3,foods,4,78
80,49,grape,3,foods,4,78
