,id,item,category_id,category,round,listnum
0,7,track,0,toys,0,1
1,7,dinosaur,0,toys,0,1
2,7,motorcycle,0,toys,0,1
3,7,horse,0,toys,0,1
4,7,truck,0,toys,0,1
5,7,excavator,0,toys,0,1
6,7,,0,toys,0,1
7,7,noodle,0,toys,0,1
8,7,butterfly,0,toys,0,1
9,7,bear,0,toys,0,1
10,7,pikachu,0,toys,0,1
11,7,squirtle,0,toys,0,1
0,8,fidget,0,toys,0,2
1,8,,0,toys,0,2
2,8,stuff,0,toys,0,2
3,8,,0,toys,0,2
4,8,toy,0,toys,0,2
5,8,,0,toys,0,2
6,8,,0,toys,0,2
7,8,track,0,toys,0,2
8,8,puzzle,0,toys,0,2
9,8,,0,toys,0,2
10,8,,0,toys,0,2
11,8,,0,toys,0,2
12,8,,0,toys,0,2
0,9,dinosaur,0,toys,0,3
1,9,animal,0,toys,0,3
2,9,marvel,0,toys,0,3
3,9,legos,0,toys,0,3
4,9,harrypotter,0,toys,0,3
5,9,superhero,0,toys,0,3
6,9,poochie,0,toys,0,3
0,12,toytrain,0,toys,0,4
1,12,block,0,toys,0,4
2,12,puzzle,0,toys,0,4
3,12,pizza,0,toys,0,4
0,13,toy,0,toys,0,5
1,13,kidtoy,0,toys,0,5
2,13,toy,0,toys,0,5
3,13,dinosaurtoy,0,toys,0,5
4,13,cattoy,0,toys,0,5
5,13,dogtoy,0,toys,0,5
6,13,bone,0,toys,0,5
7,13,dogfood,0,toys,0,5
8,13,food,0,toys,0,5
9,13,cat,0,toys,0,5
10,13,,0,toys,0,5
11,13,,0,toys,0,5
0,14,,0,toys,0,6
1,14,legos,0,toys,0,6
2,14,,0,toys,0,6
3,14,,0,toys,0,6
4,14,baseballcard,0,toys,0,6
5,14,footballcard,0,toys,0,6
0,18,slinky,0,toys,0,7
1,18,balltoy,0,toys,0,7
2,18,racecartoy,0,toys,0,7
3,18,racecar,0,toys,0,7
4,18,toy,0,toys,0,7
5,18,toy,0,toys,0,7
6,18,magnettoy,0,toys,0,7
7,18,magnet,0,toys,0,7
8,18,pullthingy,0,toys,0,7
0,19,toycar,0,toys,0,8
1,19,bear,0,toys,0,8
2,19,racecar,0,toys,0,8
3,19,car,0,toys,0,8
4,19,monstertruck,0,toys,0,8
5,19,cowboytoy,0,toys,0,8
6,19,owlettetoy,0,toys,0,8
7,19,marshalltoy,0,toys,0,8
8,19,ridertoy,0,toys,0,8
9,19,chasetoy,0,toys,0,8
10,19,geckotoy,0,toys,0,8
11,19,cowboycar,0,toys,0,8
12,19,mr.potatohead,0,toys,0,8
0,20,bear,0,toys,0,9
1,20,elephant,0,toys,0,9
2,20,,0,toys,0,9
3,20,toystory,0,toys,0,9
4,20,woody,0,toys,0,9
5,20,buzz,0,toys,0,9
6,20,hedgehog,0,toys,0,9
0,21,maraca,0,toys,0,10
1,21,toypiece,0,toys,0,10
2,21,fish,0,toys,0,10
3,21,pom-pom,0,toys,0,10
4,21,timer,0,toys,0,10
5,21,toy,0,toys,0,10
6,21,necklace,0,toys,0,10
7,21,legos,0,toys,0,10
8,21,mickeymouse,0,toys,0,10
9,21,legopiece,0,toys,0,10
10,21,computer,0,toys,0,10
11,21,computertoy,0,toys,0,10
0,22,,0,toys,0,11
1,22,,0,toys,0,11
2,22,,0,toys,0,11
3,22,,0,toys,0,11
4,22,,0,toys,0,11
5,22,noisy,0,toys,0,11
6,22,,0,toys,0,11
7,22,,0,toys,0,11
8,22,cute,0,toys,0,11
9,22,stuff,0,toys,0,11
10,22,plastic,0,toys,0,11
11,22,round,0,toys,0,11
12,22,,0,toys,0,11
13,22,,0,toys,0,11
14,22,,0,toys,0,11
0,23,stuffy,0,toys,0,12
1,23,,0,toys,0,12
2,23,doll,0,toys,0,12
3,23,arttoy,0,toys,0,12
4,23,,0,toys,0,12
5,23,paper,0,toys,0,12
6,23,,0,toys,0,12
7,23,paperbear,0,toys,0,12
8,23,paperbird,0,toys,0,12
9,23,papercomputer,0,toys,0,12
10,23,computer,0,toys,0,12
11,23,paperipad,0,toys,0,12
12,23,paperpen,0,toys,0,12
13,23,paperpom-pom,0,toys,0,12
0,24,toycar,0,toys,0,13
1,24,toy,0,toys,0,13
2,24,switch,0,toys,0,13
3,24,playstation,0,toys,0,13
4,24,playstation,0,toys,0,13
5,24,playstation,0,toys,0,13
6,24,playstation,0,toys,0,13
7,24,playstation,0,toys,0,13
8,24,playstation,0,toys,0,13
9,24,xbox,0,toys,0,13
10,24,xbox,0,toys,0,13
11,24,switchlight,0,toys,0,13
12,24,toyapple,0,toys,0,13
13,24,toybanana,0,toys,0,13
14,24,thing,0,toys,0,13
15,24,toymonkey,0,toys,0,13
16,24,toyball,0,toys,0,13
17,24,soccerball,0,toys,0,13
18,24,balltoy,0,toys,0,13
19,24,dogtoy,0,toys,0,13
20,24,car,0,toys,0,13
0,25,,0,toys,0,14
1,25,rocket,0,toys,0,14
0,26,sabertoy,0,toys,0,15
1,26,dragonflytoy,0,toys,0,15
2,26,pokemontoy,0,toys,0,15
3,26,firetruck,0,toys,0,15
4,26,toybus,0,toys,0,15
5,26,toyninja,0,toys,0,15
6,26,toyphone,0,toys,0,15
7,26,toycomputer,0,toys,0,15
8,26,toyspeaker,0,toys,0,15
9,26,backyard,0,toys,0,15
0,28,toycab,0,toys,0,16
1,28,toyball,0,toys,0,16
2,28,toybook,0,toys,0,16
3,28,toyglobe,0,toys,0,16
4,28,school,0,toys,0,16
5,28,toyseason,0,toys,0,16
6,28,toycup,0,toys,0,16
0,29,toystory,0,toys,0,17
1,29,toyjar,0,toys,0,17
2,29,toy,0,toys,0,17
3,29,,0,toys,0,17
4,29,toy,0,toys,0,17
5,29,toypanda,0,toys,0,17
6,29,toy,0,toys,0,17
7,29,toygiraffe,0,toys,0,17
8,29,toybunny,0,toys,0,17
9,29,toyskunk,0,toys,0,17
10,29,toypom-pom,0,toys,0,17
11,29,toypup,0,toys,0,17
0,30,legos,0,toys,0,18
1,30,magnet,0,toys,0,18
2,30,,0,toys,0,18
3,30,train,0,toys,0,18
4,30,,0,toys,0,18
5,30,bouncy,0,toys,0,18
6,30,paint,0,toys,0,18
7,30,,0,toys,0,18
0,31,train,0,toys,0,19
1,31,loldoll,0,toys,0,19
2,31,bird,0,toys,0,19
3,31,car,0,toys,0,19
4,31,barbie,0,toys,0,19
5,31,hellokitty,0,toys,0,19
6,31,toy,0,toys,0,19
7,31,pony,0,toys,0,19
8,31,lolhouse,0,toys,0,19
9,31,dress,0,toys,0,19
10,31,,0,toys,0,19
0,32,train,0,toys,0,20
1,32,airplane,0,toys,0,20
2,32,,0,toys,0,20
3,32,legos,0,toys,0,20
4,32,,0,toys,0,20
5,32,car,0,toys,0,20
6,32,toykitchen,0,toys,0,20
7,32,toyfood,0,toys,0,20
0,33,rubixcube,0,toys,0,21
1,33,slinky,0,toys,0,21
2,33,train,0,toys,0,21
3,33,spider-man,0,toys,0,21
4,33,toyfly,0,toys,0,21
5,33,traintoy,0,toys,0,21
6,33,pyramid,0,toys,0,21
0,35,legos,0,toys,0,22
1,35,nerf,0,toys,0,22
2,35,,0,toys,0,22
3,35,battleacademy,0,toys,0,22
4,35,operation,0,toys,0,22
5,35,pool,0,toys,0,22
0,36,lego,0,toys,0,23
1,36,,0,toys,0,23
2,36,lego,0,toys,0,23
3,36,toytrain,0,toys,0,23
4,36,train,0,toys,0,23
5,36,car,0,toys,0,23
6,36,pokemon,0,toys,0,23
7,36,toypokemon,0,toys,0,23
8,36,pokemon,0,toys,0,23
0,37,bear,0,toys,0,24
1,37,,0,toys,0,24
2,37,toytrain,0,toys,0,24
3,37,train,0,toys,0,24
4,37,robot,0,toys,0,24
5,37,toyball,0,toys,0,24
0,38,control,0,toys,0,25
1,38,,0,toys,0,25
2,38,toy,0,toys,0,25
3,38,,0,toys,0,25
0,40,,0,toys,0,26
1,40,bear,0,toys,0,26
2,40,dollhouse,0,toys,0,26
3,40,ball,0,toys,0,26
4,40,cup,0,toys,0,26
5,40,table,0,toys,0,26
6,40,mouse,0,toys,0,26
7,40,food,0,toys,0,26
8,40,house,0,toys,0,26
9,40,bed,0,toys,0,26
10,40,closet,0,toys,0,26
0,41,loldoll,0,toys,0,27
1,41,barbie,0,toys,0,27
2,41,slinky,0,toys,0,27
3,41,fridge,0,toys,0,27
4,41,,0,toys,0,27
5,41,jackbox,0,toys,0,27
6,41,shower,0,toys,0,27
7,41,,0,toys,0,27
0,42,car,0,toys,0,28
1,42,truck,0,toys,0,28
2,42,minivan,0,toys,0,28
3,42,tesla,0,toys,0,28
4,42,lamborghini,0,toys,0,28
5,42,toy,0,toys,0,28
6,42,wipe,0,toys,0,28
7,42,kitchen,0,toys,0,28
8,42,sandtimer,0,toys,0,28
9,42,ipad,0,toys,0,28
10,42,tv,0,toys,0,28
11,42,computer,0,toys,0,28
12,42,phone,0,toys,0,28
13,42,lamp,0,toys,0,28
14,42,chair,0,toys,0,28
0,43,toy,0,toys,0,29
1,43,airplane,0,toys,0,29
2,43,stuffy,0,toys,0,29
3,43,computer,0,toys,0,29
4,43,food,0,toys,0,29
5,43,toyfood,0,toys,0,29
6,43,toykitchen,0,toys,0,29
7,43,person,0,toys,0,29
8,43,toyplane,0,toys,0,29
9,43,toytrain,0,toys,0,29
10,43,toycar,0,toys,0,29
11,43,toy,0,toys,0,29
12,43,toy,0,toys,0,29
13,43,toyairport,0,toys,0,29
14,43,toychair,0,toys,0,29
15,43,toyphone,0,toys,0,29
0,44,legos,0,toys,0,30
1,44,,0,toys,0,30
2,44,action,0,toys,0,30
3,44,,0,toys,0,30
4,44,,0,toys,0,30
5,44,,0,toys,0,30
0,45,,0,toys,0,31
1,45,toy,0,toys,0,31
2,45,,0,toys,0,31
3,45,,0,toys,0,31
4,45,bow,0,toys,0,31
5,45,,0,toys,0,31
6,45,legos,0,toys,0,31
7,45,slime,0,toys,0,31
8,45,play-doh,0,toys,0,31
9,45,rubiks,0,toys,0,31
10,45,toy,0,toys,0,31
11,45,,0,toys,0,31
12,45,lol,0,toys,0,31
13,45,cute,0,toys,0,31
14,45,,0,toys,0,31
15,45,,0,toys,0,31
16,45,,0,toys,0,31
17,45,origami,0,toys,0,31
18,45,potato,0,toys,0,31
0,46,toy,0,toys,0,32
1,46,horse,0,toys,0,32
2,46,dollhouse,0,toys,0,32
3,46,toycomputer,0,toys,0,32
4,46,toydrawer,0,toys,0,32
5,46,girldoll,0,toys,0,32
6,46,pretendmeasuringcup,0,toys,0,32
7,46,ruler,0,toys,0,32
8,46,bag,0,toys,0,32
9,46,,0,toys,0,32
10,46,blanket,0,toys,0,32
11,46,doll,0,toys,0,32
12,46,toylamp,0,toys,0,32
13,46,toytable,0,toys,0,32
0,47,girl,0,toys,0,33
1,47,girldoll,0,toys,0,33
2,47,generation,0,toys,0,33
3,47,generation,0,toys,0,33
4,47,toyhorse,0,toys,0,33
5,47,barbie,0,toys,0,33
6,47,,0,toys,0,33
7,47,,0,toys,0,33
8,47,,0,toys,0,33
9,47,,0,toys,0,33
10,47,,0,toys,0,33
11,47,girl,0,toys,0,33
12,47,girldollihannah,0,toys,0,33
13,47,toyhorse,0,toys,0,33
0,48,,0,toys,0,34
1,48,race,0,toys,0,34
2,48,,0,toys,0,34
3,48,,0,toys,0,34
4,48,,0,toys,0,34
5,48,,0,toys,0,34
6,48,,0,toys,0,34
7,48,,0,toys,0,34
8,48,,0,toys,0,34
9,48,,0,toys,0,34
10,48,,0,toys,0,34
11,48,,0,toys,0,34
12,48,,0,toys,0,34
13,48,grassland,0,toys,0,34
14,48,,0,toys,0,34
15,48,maracas,0,toys,0,34
16,48,amarillo,0,toys,0,34
17,48,bus,0,toys,0,34
18,48,,0,toys,0,34
0,49,firetruck,0,toys,0,35
1,49,policecar,0,toys,0,35
2,49,ambulance,0,toys,0,35
3,49,truck,0,toys,0,35
4,49,bulldozer,0,toys,0,35
5,49,crane,0,toys,0,35
6,49,helicopter,0,toys,0,35
7,49,airplane,0,toys,0,35
8,49,jet,0,toys,0,35
9,49,angel,0,toys,0,35
10,49,snowplow,0,toys,0,35
11,49,pickuptruck,0,toys,0,35
12,49,car,0,toys,0,35
13,49,car,0,toys,0,35
14,49,truck,0,toys,0,35
