,id,age,category,category_type,semantic_field,network,n,m,c,pl,ed,d
0,7,92.3,animals,taxonomic,animal_field,nrw,30,33,0.027777777777777776,4.891111111111111,0.07586206896551724,2.2
1,8,75.18,animals,taxonomic,animal_field,nrw,11,16,0.11515151515151514,1.9834710743801653,0.2909090909090909,2.909090909090909
2,9,89.02,animals,taxonomic,animal_field,nrw,22,27,0.05757575757575757,3.0,0.11688311688311688,2.4545454545454546
3,10,64.24,animals,taxonomic,animal_field,nrw,18,25,0.2037037037037037,2.771604938271605,0.16339869281045752,2.7777777777777777
4,11,76.15,animals,taxonomic,animal_field,nrw,20,27,0.19666666666666668,4.085,0.14210526315789473,2.7
5,12,74.28,animals,taxonomic,animal_field,nrw,10,8,0.0,1.6,0.17777777777777778,1.6
6,13,60.12,animals,taxonomic,animal_field,nrw,10,20,0.47333333333333333,1.46,0.4444444444444444,4.0
7,14,96.3,animals,taxonomic,animal_field,nrw,24,30,0.10416666666666664,3.861111111111111,0.10869565217391304,2.5
8,15,95.22,animals,taxonomic,animal_field,nrw,26,33,0.038461538461538464,3.804733727810651,0.10153846153846154,2.5384615384615383
9,18,82.27,animals,taxonomic,animal_field,nrw,18,22,0.0,3.345679012345679,0.1437908496732026,2.4444444444444446
10,19,84.25,animals,taxonomic,animal_field,nrw,18,27,0.07407407407407408,2.5555555555555554,0.17647058823529413,3.0
11,20,68.1,animals,taxonomic,animal_field,nrw,12,13,0.13888888888888887,3.5833333333333335,0.19696969696969696,2.1666666666666665
12,21,74.26,animals,taxonomic,animal_field,nrw,14,20,0.30476190476190473,2.2755102040816326,0.21978021978021978,2.857142857142857
13,22,84.1,animals,taxonomic,animal_field,nrw,15,22,0.19333333333333333,2.48,0.20952380952380953,2.933333333333333
14,23,71.03,animals,taxonomic,animal_field,nrw,9,13,0.5185185185185185,1.8518518518518519,0.3611111111111111,2.888888888888889
15,24,102.17,animals,taxonomic,animal_field,nrw,29,37,0.11494252873563218,3.750297265160523,0.09113300492610837,2.5517241379310347
16,25,64.18,animals,taxonomic,animal_field,nrw,12,10,0.0,1.9444444444444444,0.15151515151515152,1.6666666666666667
17,26,80.01,animals,taxonomic,animal_field,nrw,15,16,0.08888888888888888,3.1466666666666665,0.1523809523809524,2.1333333333333333
18,28,68.21,animals,taxonomic,animal_field,nrw,16,20,0.16874999999999998,3.1796875,0.16666666666666666,2.5
19,29,98.09,animals,taxonomic,animal_field,nrw,26,26,0.0,4.902366863905326,0.08,2.0
20,30,81.17,animals,taxonomic,animal_field,nrw,19,23,0.0982456140350877,3.7562326869806095,0.13450292397660818,2.4210526315789473
21,31,106.28,animals,taxonomic,animal_field,nrw,16,22,0.01666666666666667,2.375,0.18333333333333332,2.75
22,32,77.05,animals,taxonomic,animal_field,nrw,16,24,0.14166666666666666,2.4921875,0.2,3.0
23,35,98.17,animals,taxonomic,animal_field,nrw,21,28,0.2,3.82312925170068,0.13333333333333333,2.6666666666666665
24,36,66.19,animals,taxonomic,animal_field,nrw,6,10,0.5555555555555555,1.3333333333333333,0.6666666666666666,3.3333333333333335
25,37,98.03,animals,taxonomic,animal_field,nrw,20,23,0.0,3.135,0.12105263157894737,2.3
26,38,73.27,animals,taxonomic,animal_field,nrw,11,12,0.0,3.3057851239669422,0.21818181818181817,2.1818181818181817
27,40,86.19,animals,taxonomic,animal_field,nrw,12,18,0.19999999999999998,1.8194444444444444,0.2727272727272727,3.0
28,41,80.06,animals,taxonomic,animal_field,nrw,22,30,0.19090909090909092,3.5165289256198347,0.12987012987012986,2.727272727272727
29,42,79.0,animals,taxonomic,animal_field,nrw,16,21,0.08958333333333333,3.0546875,0.175,2.625
30,43,106.08,animals,taxonomic,animal_field,nrw,36,46,0.031878306878306874,3.7901234567901234,0.07301587301587302,2.5555555555555554
31,44,64.16,animals,taxonomic,animal_field,nrw,19,28,0.15263157894736845,2.7645429362880884,0.16374269005847952,2.9473684210526314
32,45,92.01,animals,taxonomic,animal_field,nrw,30,42,0.056666666666666664,3.7111111111111112,0.09655172413793103,2.8
33,46,94.28,animals,taxonomic,animal_field,nrw,18,19,0.12037037037037039,4.395061728395062,0.12418300653594772,2.111111111111111
34,47,68.15,animals,taxonomic,animal_field,nrw,24,33,0.1418650793650794,3.2777777777777777,0.11956521739130435,2.75
35,48,65.28,animals,taxonomic,animal_field,nrw,16,18,0.2583333333333333,4.046875,0.15,2.25
36,49,65.28,animals,taxonomic,animal_field,nrw,17,18,0.10980392156862745,3.667820069204152,0.1323529411764706,2.1176470588235294
0,7,92.3,animals,taxonomic,animal_field,u-invite,30,33,0.027777777777777776,4.891111111111111,0.07586206896551724,2.2
1,8,75.18,animals,taxonomic,animal_field,u-invite,11,16,0.11515151515151514,1.9834710743801653,0.2909090909090909,2.909090909090909
2,9,89.02,animals,taxonomic,animal_field,u-invite,22,28,0.09242424242424242,2.9958677685950414,0.12121212121212122,2.5
3,10,64.24,animals,taxonomic,animal_field,u-invite,18,25,0.2037037037037037,2.771604938271605,0.16339869281045752,2.7777777777777777
4,11,76.15,animals,taxonomic,animal_field,u-invite,20,27,0.19666666666666668,4.085,0.14210526315789473,2.7
5,12,74.28,animals,taxonomic,animal_field,u-invite,10,8,0.0,1.6,0.17777777777777778,1.6
6,13,60.12,animals,taxonomic,animal_field,u-invite,10,12,0.13333333333333336,2.04,0.26666666666666666,3.2
7,14,96.3,animals,taxonomic,animal_field,u-invite,24,28,0.03472222222222222,4.336805555555555,0.10144927536231885,2.4166666666666665
8,15,95.22,animals,taxonomic,animal_field,u-invite,26,33,0.038461538461538464,3.804733727810651,0.10153846153846154,2.5384615384615383
9,18,82.27,animals,taxonomic,animal_field,u-invite,18,22,0.0,3.345679012345679,0.1437908496732026,2.4444444444444446
10,19,84.25,animals,taxonomic,animal_field,u-invite,18,27,0.07407407407407408,2.5555555555555554,0.17647058823529413,3.0
11,20,68.1,animals,taxonomic,animal_field,u-invite,12,13,0.13888888888888887,3.5833333333333335,0.19696969696969696,2.1666666666666665
12,21,74.26,animals,taxonomic,animal_field,u-invite,14,20,0.30476190476190473,2.2755102040816326,0.21978021978021978,2.857142857142857
13,22,84.1,animals,taxonomic,animal_field,u-invite,15,22,0.19333333333333333,2.48,0.20952380952380953,2.933333333333333
14,23,71.03,animals,taxonomic,animal_field,u-invite,9,9,0.16666666666666666,2.4444444444444446,0.25,2.4444444444444446
15,24,102.17,animals,taxonomic,animal_field,u-invite,29,36,0.10344827586206895,3.8240190249702737,0.08866995073891626,2.5172413793103448
16,25,64.18,animals,taxonomic,animal_field,u-invite,12,10,0.0,1.9444444444444444,0.15151515151515152,1.6666666666666667
17,26,80.01,animals,taxonomic,animal_field,u-invite,15,16,0.08888888888888888,3.1466666666666665,0.1523809523809524,2.1333333333333333
18,28,68.21,animals,taxonomic,animal_field,u-invite,16,17,0.0,3.625,0.14166666666666666,2.3125
19,29,98.09,animals,taxonomic,animal_field,u-invite,26,26,0.0,4.902366863905326,0.08,2.0
20,30,81.17,animals,taxonomic,animal_field,u-invite,19,23,0.0982456140350877,3.7562326869806095,0.13450292397660818,2.4210526315789473
21,31,106.28,animals,taxonomic,animal_field,u-invite,16,22,0.01666666666666667,2.375,0.18333333333333332,2.75
22,32,77.05,animals,taxonomic,animal_field,u-invite,16,24,0.14166666666666666,2.4921875,0.2,3.0
23,35,98.17,animals,taxonomic,animal_field,u-invite,21,28,0.2,3.82312925170068,0.13333333333333333,2.6666666666666665
24,36,66.19,animals,taxonomic,animal_field,u-invite,6,10,0.5555555555555555,1.3333333333333333,0.6666666666666666,3.3333333333333335
25,37,98.03,animals,taxonomic,animal_field,u-invite,20,24,0.06999999999999999,3.125,0.12631578947368421,2.35
26,38,73.27,animals,taxonomic,animal_field,u-invite,11,12,0.0,3.3057851239669422,0.21818181818181817,2.1818181818181817
27,40,86.19,animals,taxonomic,animal_field,u-invite,12,18,0.19999999999999998,1.8194444444444444,0.2727272727272727,3.0
28,41,80.06,animals,taxonomic,animal_field,u-invite,22,30,0.19090909090909092,3.5165289256198347,0.12987012987012986,2.727272727272727
29,42,79.0,animals,taxonomic,animal_field,u-invite,16,21,0.08958333333333333,3.0546875,0.175,2.625
30,43,106.08,animals,taxonomic,animal_field,u-invite,36,46,0.031878306878306874,3.7901234567901234,0.07301587301587302,2.5555555555555554
31,44,64.16,animals,taxonomic,animal_field,u-invite,19,28,0.15263157894736845,2.7645429362880884,0.16374269005847952,2.9473684210526314
32,45,92.01,animals,taxonomic,animal_field,u-invite,30,42,0.056666666666666664,3.7111111111111112,0.09655172413793103,2.8
33,46,94.28,animals,taxonomic,animal_field,u-invite,18,19,0.12037037037037039,4.395061728395062,0.12418300653594772,2.111111111111111
34,47,68.15,animals,taxonomic,animal_field,u-invite,24,33,0.1418650793650794,3.2777777777777777,0.11956521739130435,2.75
35,48,65.28,animals,taxonomic,animal_field,u-invite,16,15,0.0,4.34375,0.125,2.0625
36,49,65.28,animals,taxonomic,animal_field,u-invite,17,18,0.10980392156862745,3.667820069204152,0.1323529411764706,2.1176470588235294
0,7,92.3,animals,taxonomic,animal_field,esn,29,27,0.1354679802955665,2.4776119402985075,0.0665024630541872,2.0898876404494384
1,8,75.18,animals,taxonomic,animal_field,esn,11,4,0.0,0.6956521739130435,0.07272727272727272,2.1818181818181817
2,9,89.02,animals,taxonomic,animal_field,esn,22,19,0.21255411255411258,2.560344827586207,0.08225108225108226,2.242424242424242
3,10,64.24,animals,taxonomic,animal_field,esn,18,21,0.2299382716049383,2.0701754385964914,0.13725490196078433,2.6296296296296298
4,11,76.15,animals,taxonomic,animal_field,esn,20,32,0.4683333333333334,2.076923076923077,0.16842105263157894,2.8666666666666667
5,12,74.28,animals,taxonomic,animal_field,esn,10,6,0.0,1.3333333333333333,0.13333333333333333,1.4666666666666666
6,13,60.12,animals,taxonomic,animal_field,esn,9,8,0.3333333333333333,1.5686274509803921,0.2222222222222222,2.7586206896551726
7,14,96.3,animals,taxonomic,animal_field,esn,23,25,0.30662525879917185,1.932367149758454,0.09881422924901186,2.3380281690140845
8,15,95.22,animals,taxonomic,animal_field,esn,24,34,0.3067460317460317,2.114864864864865,0.12318840579710146,2.6315789473684212
9,18,82.27,animals,taxonomic,animal_field,esn,15,17,0.5444444444444445,1.837837837837838,0.1619047619047619,2.392156862745098
10,19,84.25,animals,taxonomic,animal_field,esn,17,24,0.33529411764705885,2.1762114537444934,0.17647058823529413,2.943396226415094
11,20,68.1,animals,taxonomic,animal_field,esn,11,7,0.2606060606060606,1.1219512195121952,0.12727272727272726,1.8857142857142857
12,21,74.26,animals,taxonomic,animal_field,esn,14,10,0.23809523809523808,1.25,0.10989010989010989,2.380952380952381
13,22,84.1,animals,taxonomic,animal_field,esn,15,13,0.22,1.8476190476190477,0.12380952380952381,2.533333333333333
14,23,71.03,animals,taxonomic,animal_field,esn,9,6,0.2592592592592593,1.435897435897436,0.16666666666666666,2.074074074074074
15,24,102.17,animals,taxonomic,animal_field,esn,29,47,0.3195402298850575,2.6009538950715423,0.11576354679802955,2.7586206896551726
16,25,64.18,animals,taxonomic,animal_field,esn,10,6,0.23333333333333334,0.8571428571428571,0.13333333333333333,1.5294117647058822
17,26,80.01,animals,taxonomic,animal_field,esn,15,17,0.3977777777777778,1.4606741573033708,0.1619047619047619,2.1777777777777776
18,28,68.21,animals,taxonomic,animal_field,esn,13,20,0.49633699633699635,1.5609756097560976,0.2564102564102564,2.533333333333333
19,29,98.09,animals,taxonomic,animal_field,esn,22,30,0.3316017316017316,2.1068702290076335,0.12987012987012986,2.2162162162162162
20,30,81.17,animals,taxonomic,animal_field,esn,19,20,0.2754385964912281,1.8954248366013071,0.11695906432748537,2.3157894736842106
21,31,106.28,animals,taxonomic,animal_field,esn,14,8,0.0,2.4186046511627906,0.08791208791208792,2.260869565217391
22,32,77.05,animals,taxonomic,animal_field,esn,15,21,0.31206349206349204,2.010152284263959,0.2,2.9361702127659575
23,35,98.17,animals,taxonomic,animal_field,esn,20,25,0.32595238095238094,1.7613636363636365,0.13157894736842105,2.6129032258064515
24,36,66.19,animals,taxonomic,animal_field,esn,6,5,0.5555555555555555,0.7777777777777778,0.3333333333333333,2.7777777777777777
25,37,98.03,animals,taxonomic,animal_field,esn,19,17,0.15263157894736842,2.2483660130718954,0.09941520467836257,2.169491525423729
26,38,73.27,animals,taxonomic,animal_field,esn,11,6,0.21212121212121213,0.7407407407407407,0.10909090909090909,1.8181818181818181
27,40,86.19,animals,taxonomic,animal_field,esn,12,20,0.3972222222222222,1.4509803921568627,0.30303030303030304,3.111111111111111
28,41,80.06,animals,taxonomic,animal_field,esn,19,36,0.3962823725981621,1.5522388059701493,0.21052631578947367,3.0476190476190474
29,42,79.0,animals,taxonomic,animal_field,esn,16,16,0.40625,2.5555555555555554,0.13333333333333333,2.4166666666666665
30,43,106.08,animals,taxonomic,animal_field,esn,29,27,0.1810344827586207,1.9183673469387754,0.0665024630541872,2.3564356435643563
31,44,64.16,animals,taxonomic,animal_field,esn,19,23,0.2629072681704261,2.308457711442786,0.13450292397660818,2.7719298245614037
32,45,92.01,animals,taxonomic,animal_field,esn,27,19,0.22469135802469134,2.1784037558685445,0.05413105413105413,2.367816091954023
33,46,94.28,animals,taxonomic,animal_field,esn,16,8,0.09375,1.4666666666666666,0.06666666666666667,1.7692307692307692
34,47,68.15,animals,taxonomic,animal_field,esn,22,23,0.3151515151515151,2.2586206896551726,0.09956709956709957,2.5428571428571427
35,48,65.28,animals,taxonomic,animal_field,esn,15,9,0.1,1.8082191780821917,0.08571428571428572,1.7872340425531914
36,49,65.28,animals,taxonomic,animal_field,esn,15,9,0.09333333333333332,1.7011494252873562,0.08571428571428572,1.836734693877551
0,7,92.3,foods,taxonomic,food_field,nrw,31,34,0.043010752688172046,5.8772112382934445,0.07311827956989247,2.193548387096774
1,8,75.18,foods,taxonomic,food_field,nrw,20,22,0.0,3.265,0.11578947368421053,2.2
2,9,89.02,foods,taxonomic,food_field,nrw,20,28,0.04833333333333333,2.905,0.14736842105263157,2.8
3,10,64.24,foods,taxonomic,food_field,nrw,14,16,0.07142857142857142,2.704081632653061,0.17582417582417584,2.2857142857142856
4,11,76.15,foods,taxonomic,food_field,nrw,19,24,0.17543859649122806,3.257617728531856,0.14035087719298245,2.526315789473684
5,12,74.28,foods,taxonomic,food_field,nrw,15,18,0.1888888888888889,3.2888888888888888,0.17142857142857143,2.4
6,13,60.12,foods,taxonomic,food_field,nrw,13,18,0.15897435897435896,2.106508875739645,0.23076923076923078,2.769230769230769
7,14,96.3,foods,taxonomic,food_field,nrw,27,32,0.0,5.289437585733882,0.09116809116809117,2.3703703703703702
8,15,95.22,foods,taxonomic,food_field,nrw,25,29,0.055999999999999994,4.0832,0.09666666666666666,2.32
9,18,82.27,foods,taxonomic,food_field,nrw,22,25,0.0,4.210743801652892,0.10822510822510822,2.272727272727273
10,19,84.25,foods,taxonomic,food_field,nrw,24,30,0.1125,3.9409722222222223,0.10869565217391304,2.5
11,20,68.1,foods,taxonomic,food_field,nrw,14,14,0.0,2.9489795918367347,0.15384615384615385,2.0
12,21,74.26,foods,taxonomic,food_field,nrw,12,19,0.21031746031746032,1.9305555555555556,0.2878787878787879,3.1666666666666665
13,22,84.1,foods,taxonomic,food_field,nrw,19,28,0.17017543859649123,2.8033240997229916,0.16374269005847952,2.9473684210526314
14,23,71.03,foods,taxonomic,food_field,nrw,14,14,0.0,3.704081632653061,0.15384615384615385,2.0
15,24,102.17,foods,taxonomic,food_field,nrw,27,30,0.0,4.949245541838135,0.08547008547008547,2.2222222222222223
16,25,64.18,foods,taxonomic,food_field,nrw,11,11,0.0,3.3388429752066116,0.2,2.0
17,26,80.01,foods,taxonomic,food_field,nrw,9,8,0.0,2.814814814814815,0.2222222222222222,1.7777777777777777
18,28,68.21,foods,taxonomic,food_field,nrw,17,18,0.0,3.792387543252595,0.1323529411764706,2.1176470588235294
19,29,98.09,foods,taxonomic,food_field,nrw,23,27,0.14009661835748793,3.1984877126654063,0.1067193675889328,2.347826086956522
20,30,81.17,foods,taxonomic,food_field,nrw,25,30,0.05333333333333333,5.2,0.1,2.4
21,31,106.28,foods,taxonomic,food_field,nrw,24,28,0.04583333333333333,3.4791666666666665,0.10144927536231885,2.3333333333333335
22,32,77.05,foods,taxonomic,food_field,nrw,19,18,0.0,5.152354570637119,0.10526315789473684,1.894736842105263
23,35,98.17,foods,taxonomic,food_field,nrw,23,29,0.10144927536231883,4.143667296786389,0.11462450592885376,2.5217391304347827
24,36,66.19,foods,taxonomic,food_field,nrw,15,21,0.05555555555555555,2.391111111111111,0.2,2.8
25,37,98.03,foods,taxonomic,food_field,nrw,23,26,0.0,3.667296786389414,0.10276679841897234,2.260869565217391
26,38,73.27,foods,taxonomic,food_field,nrw,19,23,0.0649122807017544,2.8365650969529086,0.13450292397660818,2.4210526315789473
27,40,86.19,foods,taxonomic,food_field,nrw,30,39,0.06888888888888887,4.126666666666667,0.0896551724137931,2.6
28,41,80.06,foods,taxonomic,food_field,nrw,29,34,0.1174055829228243,4.435196195005945,0.08374384236453201,2.3448275862068964
29,42,79.0,foods,taxonomic,food_field,nrw,18,24,0.057407407407407414,2.919753086419753,0.1568627450980392,2.6666666666666665
30,43,106.08,foods,taxonomic,food_field,nrw,37,47,0.02882882882882883,4.033601168736304,0.07057057057057058,2.5405405405405403
31,44,64.16,foods,taxonomic,food_field,nrw,24,30,0.13214285714285715,3.548611111111111,0.10869565217391304,2.5
32,45,92.01,foods,taxonomic,food_field,nrw,35,47,0.040952380952380955,4.6236734693877555,0.07899159663865546,2.6857142857142855
33,46,94.28,foods,taxonomic,food_field,nrw,14,16,0.05952380952380952,3.2244897959183674,0.17582417582417584,2.2857142857142856
34,47,68.15,foods,taxonomic,food_field,nrw,33,35,0.0404040404040404,7.169880624426079,0.06628787878787878,2.121212121212121
35,48,65.28,foods,taxonomic,food_field,nrw,19,19,0.0,3.9002770083102494,0.1111111111111111,2.0
36,49,65.28,foods,taxonomic,food_field,nrw,8,10,0.4375,2.125,0.35714285714285715,2.5
0,7,92.3,foods,taxonomic,food_field,u-invite,31,34,0.043010752688172046,5.8772112382934445,0.07311827956989247,2.193548387096774
1,8,75.18,foods,taxonomic,food_field,u-invite,20,22,0.0,3.265,0.11578947368421053,2.2
2,9,89.02,foods,taxonomic,food_field,u-invite,20,28,0.04833333333333333,2.905,0.14736842105263157,2.8
3,10,64.24,foods,taxonomic,food_field,u-invite,14,16,0.07142857142857142,2.704081632653061,0.17582417582417584,2.2857142857142856
4,11,76.15,foods,taxonomic,food_field,u-invite,19,24,0.17543859649122806,3.257617728531856,0.14035087719298245,2.526315789473684
5,12,74.28,foods,taxonomic,food_field,u-invite,15,16,0.0,3.3777777777777778,0.1523809523809524,2.2666666666666666
6,13,60.12,foods,taxonomic,food_field,u-invite,13,18,0.15897435897435896,2.106508875739645,0.23076923076923078,2.769230769230769
7,14,96.3,foods,taxonomic,food_field,u-invite,27,33,0.020987654320987655,5.264746227709191,0.09401709401709402,2.4074074074074074
8,15,95.22,foods,taxonomic,food_field,u-invite,25,29,0.055999999999999994,4.0832,0.09666666666666666,2.32
9,18,82.27,foods,taxonomic,food_field,u-invite,22,25,0.0,4.210743801652892,0.10822510822510822,2.272727272727273
10,19,84.25,foods,taxonomic,food_field,u-invite,24,30,0.1125,3.9409722222222223,0.10869565217391304,2.5
11,20,68.1,foods,taxonomic,food_field,u-invite,14,14,0.0,2.9489795918367347,0.15384615384615385,2.0
12,21,74.26,foods,taxonomic,food_field,u-invite,12,19,0.21031746031746032,1.9305555555555556,0.2878787878787879,3.1666666666666665
13,22,84.1,foods,taxonomic,food_field,u-invite,19,27,0.11754385964912281,2.886426592797784,0.15789473684210525,2.8947368421052633
14,23,71.03,foods,taxonomic,food_field,u-invite,14,14,0.0,3.704081632653061,0.15384615384615385,2.0
15,24,102.17,foods,taxonomic,food_field,u-invite,27,30,0.0,4.949245541838135,0.08547008547008547,2.2222222222222223
16,25,64.18,foods,taxonomic,food_field,u-invite,11,11,0.0,3.3388429752066116,0.2,2.0
17,26,80.01,foods,taxonomic,food_field,u-invite,9,8,0.0,2.814814814814815,0.2222222222222222,1.7777777777777777
18,28,68.21,foods,taxonomic,food_field,u-invite,17,18,0.0,3.792387543252595,0.1323529411764706,2.1176470588235294
19,29,98.09,foods,taxonomic,food_field,u-invite,23,26,0.023809523809523808,3.444234404536862,0.10276679841897234,2.3043478260869565
20,30,81.17,foods,taxonomic,food_field,u-invite,25,30,0.05333333333333333,5.2,0.1,2.4
21,31,106.28,foods,taxonomic,food_field,u-invite,24,28,0.04583333333333333,3.4791666666666665,0.10144927536231885,2.3333333333333335
22,32,77.05,foods,taxonomic,food_field,u-invite,19,18,0.0,5.152354570637119,0.10526315789473684,1.894736842105263
23,35,98.17,foods,taxonomic,food_field,u-invite,23,28,0.07971014492753623,4.2759924385633274,0.11067193675889328,2.4782608695652173
24,36,66.19,foods,taxonomic,food_field,u-invite,15,21,0.05555555555555555,2.391111111111111,0.2,2.8
25,37,98.03,foods,taxonomic,food_field,u-invite,23,26,0.0,3.667296786389414,0.10276679841897234,2.260869565217391
26,38,73.27,foods,taxonomic,food_field,u-invite,19,23,0.0649122807017544,2.8365650969529086,0.13450292397660818,2.4210526315789473
27,40,86.19,foods,taxonomic,food_field,u-invite,30,39,0.12777777777777774,4.257777777777778,0.0896551724137931,2.6
28,41,80.06,foods,taxonomic,food_field,u-invite,29,33,0.07060755336617405,4.497027348394768,0.0812807881773399,2.310344827586207
29,42,79.0,foods,taxonomic,food_field,u-invite,18,23,0.06481481481481483,2.9753086419753085,0.1503267973856209,2.611111111111111
30,43,106.08,foods,taxonomic,food_field,u-invite,37,47,0.02882882882882883,4.033601168736304,0.07057057057057058,2.5405405405405403
31,44,64.16,foods,taxonomic,food_field,u-invite,24,30,0.13214285714285715,3.548611111111111,0.10869565217391304,2.5
32,45,92.01,foods,taxonomic,food_field,u-invite,35,48,0.1076190476190476,4.612244897959184,0.08067226890756303,2.7142857142857144
33,46,94.28,foods,taxonomic,food_field,u-invite,14,16,0.05952380952380952,3.2244897959183674,0.17582417582417584,2.2857142857142856
34,47,68.15,foods,taxonomic,food_field,u-invite,33,35,0.0404040404040404,7.169880624426079,0.06628787878787878,2.121212121212121
35,48,65.28,foods,taxonomic,food_field,u-invite,19,19,0.0,3.9002770083102494,0.1111111111111111,2.0
36,49,65.28,foods,taxonomic,food_field,u-invite,8,7,0.0,2.46875,0.25,2.125
0,7,92.3,foods,taxonomic,food_field,esn,26,36,0.23974358974358972,2.831967213114754,0.11076923076923077,2.3636363636363638
1,8,75.18,foods,taxonomic,food_field,esn,16,14,0.12291666666666666,1.4047619047619047,0.11666666666666667,2.0714285714285716
2,9,89.02,foods,taxonomic,food_field,esn,18,26,0.31997354497354497,2.2017543859649122,0.16993464052287582,2.8275862068965516
3,10,64.24,foods,taxonomic,food_field,esn,14,49,0.8113168577454292,1.3571428571428572,0.5384615384615384,3.857142857142857
4,11,76.15,foods,taxonomic,food_field,esn,17,21,0.29215686274509806,2.277456647398844,0.15441176470588236,2.5090909090909093
5,12,74.28,foods,taxonomic,food_field,esn,12,9,0.5,0.8947368421052632,0.13636363636363635,2.0476190476190474
6,13,60.12,foods,taxonomic,food_field,esn,12,11,0.29444444444444445,2.3333333333333335,0.16666666666666666,2.473684210526316
7,14,96.3,foods,taxonomic,food_field,esn,25,50,0.5101587301587301,2.1303370786516855,0.16666666666666666,2.911392405063291
8,15,95.22,foods,taxonomic,food_field,esn,23,61,0.5860499403977666,2.156701030927835,0.24110671936758893,3.26027397260274
9,18,82.27,foods,taxonomic,food_field,esn,19,23,0.243859649122807,2.099502487562189,0.13450292397660818,2.3174603174603177
10,19,84.25,foods,taxonomic,food_field,esn,23,58,0.5569344338525923,1.7369727047146402,0.22924901185770752,3.323943661971831
11,20,68.1,foods,taxonomic,food_field,esn,12,2,0.0,0.25,0.030303030303030304,1.5
12,21,74.26,foods,taxonomic,food_field,esn,12,18,0.4138888888888888,1.5294117647058822,0.2727272727272727,3.111111111111111
13,22,84.1,foods,taxonomic,food_field,esn,18,37,0.3781305114638448,2.0555555555555554,0.24183006535947713,3.2857142857142856
14,23,71.03,foods,taxonomic,food_field,esn,8,6,0.0,2.0,0.21428571428571427,1.8888888888888888
15,24,102.17,foods,taxonomic,food_field,esn,23,56,0.6658131368489425,1.8600451467268624,0.22134387351778656,3.012987012987013
16,25,64.18,foods,taxonomic,food_field,esn,7,3,0.42857142857142855,0.46153846153846156,0.14285714285714285,1.7241379310344827
17,26,80.01,foods,taxonomic,food_field,esn,7,3,0.0,1.0526315789473684,0.14285714285714285,1.52
18,28,68.21,foods,taxonomic,food_field,esn,12,7,0.19444444444444445,0.8125,0.10606060606060606,1.8695652173913044
19,29,98.09,foods,taxonomic,food_field,esn,20,29,0.5289743589743591,1.876923076923077,0.15263157894736842,2.484848484848485
20,30,81.17,foods,taxonomic,food_field,esn,21,30,0.46654298082869516,2.1379310344827585,0.14285714285714285,2.535211267605634
21,31,106.28,foods,taxonomic,food_field,esn,17,25,0.3431372549019608,2.0100502512562812,0.18382352941176472,2.4923076923076923
22,32,77.05,foods,taxonomic,food_field,esn,16,19,0.4041666666666666,2.4302325581395348,0.15833333333333333,2.037037037037037
23,35,98.17,foods,taxonomic,food_field,esn,15,6,0.15555555555555553,0.6451612903225806,0.05714285714285714,2.0655737704918034
24,36,66.19,foods,taxonomic,food_field,esn,10,6,0.3,0.9285714285714286,0.13333333333333333,2.4
25,37,98.03,foods,taxonomic,food_field,esn,20,38,0.5378174603174602,1.7217391304347827,0.2,2.727272727272727
26,38,73.27,foods,taxonomic,food_field,esn,12,14,0.39087301587301587,1.7058823529411764,0.21212121212121213,2.4
27,40,86.19,foods,taxonomic,food_field,esn,21,53,0.54414553700268,1.7024793388429753,0.2523809523809524,3.234567901234568
28,41,80.06,foods,taxonomic,food_field,esn,16,29,0.5055059523809524,2.15929203539823,0.24166666666666667,2.5945945945945947
29,42,79.0,foods,taxonomic,food_field,esn,24,60,0.6140441530147412,1.7702702702702702,0.21739130434782608,3.566666666666667
30,43,106.08,foods,taxonomic,food_field,esn,24,35,0.4380952380952381,2.2484848484848485,0.12681159420289856,2.63265306122449
31,44,64.16,foods,taxonomic,food_field,esn,17,22,0.3179271708683474,2.218905472636816,0.16176470588235295,2.523076923076923
32,45,92.01,foods,taxonomic,food_field,esn,33,76,0.464061864061864,2.106194690265487,0.14393939393939395,3.320388349514563
33,46,94.28,foods,taxonomic,food_field,esn,21,35,0.42392290249433107,2.2258953168044076,0.16666666666666666,2.7346938775510203
34,47,68.15,foods,taxonomic,food_field,esn,25,63,0.49923720723720727,1.9507186858316221,0.21,2.923076923076923
35,48,65.28,foods,taxonomic,food_field,esn,11,8,0.0,1.8305084745762712,0.14545454545454545,1.8775510204081634
36,49,65.28,foods,taxonomic,food_field,esn,21,29,0.4682539682539682,2.623574144486692,0.1380952380952381,2.4864864864864864
0,7,92.3,zoo,thematic,animal_field,nrw,29,31,0.028735632183908042,5.802615933412604,0.07635467980295567,2.1379310344827585
1,8,75.18,zoo,thematic,animal_field,nrw,16,19,0.0,3.0078125,0.15833333333333333,2.375
2,9,89.02,zoo,thematic,animal_field,nrw,16,25,0.0875,2.2890625,0.20833333333333334,3.125
3,10,64.24,zoo,thematic,animal_field,nrw,14,17,0.054761904761904755,2.3979591836734695,0.18681318681318682,2.4285714285714284
4,11,76.15,zoo,thematic,animal_field,nrw,34,37,0.022549019607843137,4.749134948096886,0.0659536541889483,2.176470588235294
5,12,74.28,zoo,thematic,animal_field,nrw,5,6,0.6,1.12,0.6,2.4
6,13,60.12,zoo,thematic,animal_field,nrw,16,18,0.10416666666666666,3.859375,0.15,2.25
7,14,96.3,zoo,thematic,animal_field,nrw,17,22,0.06862745098039215,2.865051903114187,0.16176470588235295,2.588235294117647
8,15,95.22,zoo,thematic,animal_field,nrw,26,30,0.0641025641025641,4.600591715976331,0.09230769230769231,2.3076923076923075
9,18,82.27,zoo,thematic,animal_field,nrw,16,20,0.075,2.5078125,0.16666666666666666,2.5
10,19,84.25,zoo,thematic,animal_field,nrw,19,26,0.07017543859649122,2.89196675900277,0.15204678362573099,2.736842105263158
11,20,68.1,zoo,thematic,animal_field,nrw,24,26,0.0,4.267361111111111,0.09420289855072464,2.1666666666666665
12,21,74.26,zoo,thematic,animal_field,nrw,13,16,0.0,2.591715976331361,0.20512820512820512,2.4615384615384617
13,22,84.1,zoo,thematic,animal_field,nrw,14,18,0.047619047619047616,2.673469387755102,0.1978021978021978,2.5714285714285716
14,23,71.03,zoo,thematic,animal_field,nrw,13,15,0.22051282051282048,2.7337278106508878,0.19230769230769232,2.3076923076923075
15,24,102.17,zoo,thematic,animal_field,nrw,20,22,0.0,3.79,0.11578947368421053,2.2
16,25,64.18,zoo,thematic,animal_field,nrw,5,5,0.0,1.28,0.5,2.0
17,26,80.01,zoo,thematic,animal_field,nrw,14,14,0.1547619047619048,2.1,0.15384615384615385,2.0
18,28,68.21,zoo,thematic,animal_field,nrw,13,12,0.16666666666666669,3.008,0.15384615384615385,1.8461538461538463
19,29,98.09,zoo,thematic,animal_field,nrw,25,27,0.0,4.3104,0.09,2.16
20,30,81.17,zoo,thematic,animal_field,nrw,15,24,0.2650793650793651,2.0444444444444443,0.22857142857142856,3.2
21,31,106.28,zoo,thematic,animal_field,nrw,12,16,0.3055555555555556,2.0833333333333335,0.24242424242424243,2.6666666666666665
22,32,77.05,zoo,thematic,animal_field,nrw,15,22,0.13333333333333333,2.1244444444444444,0.20952380952380953,2.933333333333333
23,35,98.17,zoo,thematic,animal_field,nrw,10,14,0.0,1.74,0.3111111111111111,2.8
24,36,66.19,zoo,thematic,animal_field,nrw,5,6,0.6,1.12,0.6,2.4
25,37,98.03,zoo,thematic,animal_field,nrw,15,18,0.1603174603174603,2.391111111111111,0.17142857142857143,2.4
26,38,73.27,zoo,thematic,animal_field,nrw,12,12,0.0,2.8055555555555554,0.18181818181818182,2.0
27,40,86.19,zoo,thematic,animal_field,nrw,12,24,0.4305555555555556,1.6805555555555556,0.36363636363636365,4.0
28,41,80.06,zoo,thematic,animal_field,nrw,27,33,0.018518518518518517,3.843621399176955,0.09401709401709402,2.4444444444444446
29,42,79.0,zoo,thematic,animal_field,nrw,14,24,0.09999999999999999,1.989795918367347,0.26373626373626374,3.4285714285714284
30,43,106.08,zoo,thematic,animal_field,nrw,20,32,0.06333333333333332,2.485,0.16842105263157894,3.2
31,44,64.16,zoo,thematic,animal_field,nrw,18,20,0.0,3.308641975308642,0.13071895424836602,2.2222222222222223
32,45,92.01,zoo,thematic,animal_field,nrw,12,14,0.0,2.2916666666666665,0.21212121212121213,2.3333333333333335
33,46,94.28,zoo,thematic,animal_field,nrw,15,17,0.09999999999999999,3.9644444444444447,0.1619047619047619,2.2666666666666666
34,47,68.15,zoo,thematic,animal_field,nrw,15,23,0.14,2.2044444444444444,0.21904761904761905,3.066666666666667
35,48,65.28,zoo,thematic,animal_field,nrw,14,20,0.052380952380952375,2.336734693877551,0.21978021978021978,2.857142857142857
36,49,65.28,zoo,thematic,animal_field,nrw,19,22,0.0,3.257617728531856,0.1286549707602339,2.3157894736842106
0,7,92.3,zoo,thematic,animal_field,u-invite,29,31,0.05172413793103448,6.137931034482759,0.07635467980295567,2.1379310344827585
1,8,75.18,zoo,thematic,animal_field,u-invite,16,19,0.0,3.0078125,0.15833333333333333,2.375
2,9,89.02,zoo,thematic,animal_field,u-invite,16,24,0.07291666666666666,2.375,0.2,3.0625
3,10,64.24,zoo,thematic,animal_field,u-invite,14,17,0.054761904761904755,2.3979591836734695,0.18681318681318682,2.4285714285714284
4,11,76.15,zoo,thematic,animal_field,u-invite,34,37,0.022549019607843137,4.749134948096886,0.0659536541889483,2.176470588235294
5,12,74.28,zoo,thematic,animal_field,u-invite,5,6,0.6,1.12,0.6,2.4
6,13,60.12,zoo,thematic,animal_field,u-invite,16,18,0.10416666666666666,3.859375,0.15,2.25
7,14,96.3,zoo,thematic,animal_field,u-invite,17,22,0.06862745098039215,2.865051903114187,0.16176470588235295,2.588235294117647
8,15,95.22,zoo,thematic,animal_field,u-invite,26,29,0.0,4.6301775147929,0.08923076923076922,2.269230769230769
9,18,82.27,zoo,thematic,animal_field,u-invite,16,20,0.075,2.5078125,0.16666666666666666,2.5
10,19,84.25,zoo,thematic,animal_field,u-invite,19,25,0.07017543859649122,3.0470914127423825,0.14619883040935672,2.6842105263157894
11,20,68.1,zoo,thematic,animal_field,u-invite,24,26,0.0,4.267361111111111,0.09420289855072464,2.1666666666666665
12,21,74.26,zoo,thematic,animal_field,u-invite,13,16,0.0,2.591715976331361,0.20512820512820512,2.4615384615384617
13,22,84.1,zoo,thematic,animal_field,u-invite,14,18,0.047619047619047616,2.673469387755102,0.1978021978021978,2.5714285714285716
14,23,71.03,zoo,thematic,animal_field,u-invite,13,15,0.22051282051282048,2.7337278106508878,0.19230769230769232,2.3076923076923075
15,24,102.17,zoo,thematic,animal_field,u-invite,20,22,0.0,3.79,0.11578947368421053,2.2
16,25,64.18,zoo,thematic,animal_field,u-invite,5,5,0.0,1.28,0.5,2.0
17,26,80.01,zoo,thematic,animal_field,u-invite,14,13,0.0,2.22,0.14285714285714285,1.9285714285714286
18,28,68.21,zoo,thematic,animal_field,u-invite,13,12,0.16666666666666669,3.008,0.15384615384615385,1.8461538461538463
19,29,98.09,zoo,thematic,animal_field,u-invite,25,28,0.06,4.2496,0.09333333333333334,2.2
20,30,81.17,zoo,thematic,animal_field,u-invite,15,24,0.2650793650793651,2.0444444444444443,0.22857142857142856,3.2
21,31,106.28,zoo,thematic,animal_field,u-invite,12,16,0.3055555555555556,2.0833333333333335,0.24242424242424243,2.6666666666666665
22,32,77.05,zoo,thematic,animal_field,u-invite,15,22,0.13333333333333333,2.1244444444444444,0.20952380952380953,2.933333333333333
23,35,98.17,zoo,thematic,animal_field,u-invite,10,14,0.0,1.74,0.3111111111111111,2.8
24,36,66.19,zoo,thematic,animal_field,u-invite,5,6,0.6,1.12,0.6,2.4
25,37,98.03,zoo,thematic,animal_field,u-invite,15,18,0.1603174603174603,2.391111111111111,0.17142857142857143,2.4
26,38,73.27,zoo,thematic,animal_field,u-invite,12,12,0.0,2.8055555555555554,0.18181818181818182,2.0
27,40,86.19,zoo,thematic,animal_field,u-invite,12,24,0.4305555555555556,1.6805555555555556,0.36363636363636365,4.0
28,41,80.06,zoo,thematic,animal_field,u-invite,27,33,0.018518518518518517,3.843621399176955,0.09401709401709402,2.4444444444444446
29,42,79.0,zoo,thematic,animal_field,u-invite,14,24,0.09999999999999999,1.989795918367347,0.26373626373626374,3.4285714285714284
30,43,106.08,zoo,thematic,animal_field,u-invite,20,32,0.06333333333333332,2.485,0.16842105263157894,3.2
31,44,64.16,zoo,thematic,animal_field,u-invite,18,20,0.0,3.308641975308642,0.13071895424836602,2.2222222222222223
32,45,92.01,zoo,thematic,animal_field,u-invite,12,14,0.0,2.2916666666666665,0.21212121212121213,2.3333333333333335
33,46,94.28,zoo,thematic,animal_field,u-invite,15,16,0.09999999999999999,4.0,0.1523809523809524,2.2
34,47,68.15,zoo,thematic,animal_field,u-invite,15,23,0.14,2.2044444444444444,0.21904761904761905,3.066666666666667
35,48,65.28,zoo,thematic,animal_field,u-invite,14,19,0.0,2.377551020408163,0.2087912087912088,2.7857142857142856
36,49,65.28,zoo,thematic,animal_field,u-invite,19,21,0.0,3.434903047091413,0.12280701754385964,2.263157894736842
0,7,92.3,zoo,thematic,animal_field,esn,28,22,0.2515306122448979,1.9833333333333334,0.0582010582010582,1.9534883720930232
1,8,75.18,zoo,thematic,animal_field,esn,14,11,0.3404761904761905,1.3714285714285714,0.12087912087912088,2.130434782608696
2,9,89.02,zoo,thematic,animal_field,esn,16,10,0.09375,1.5675675675675675,0.08333333333333333,2.4583333333333335
3,10,64.24,zoo,thematic,animal_field,esn,14,12,0.1571428571428571,2.3870967741935485,0.13186813186813187,2.1904761904761907
4,11,76.15,zoo,thematic,animal_field,esn,29,19,0.2275862068965517,2.0479041916167664,0.046798029556650245,1.9175257731958764
5,12,74.28,zoo,thematic,animal_field,esn,5,3,0.0,1.1764705882352942,0.3,2.0
6,13,60.12,zoo,thematic,animal_field,esn,9,3,0.0,0.5882352941176471,0.08333333333333333,1.9024390243902438
7,14,96.3,zoo,thematic,animal_field,esn,17,19,0.2784313725490196,1.751937984496124,0.13970588235294118,2.4705882352941178
8,15,95.22,zoo,thematic,animal_field,esn,23,41,0.3421325051759834,2.8,0.16205533596837945,2.6666666666666665
9,18,82.27,zoo,thematic,animal_field,esn,15,9,0.2,1.1764705882352942,0.08571428571428572,2.0851063829787235
10,19,84.25,zoo,thematic,animal_field,esn,18,15,0.0701058201058201,2.1149425287356323,0.09803921568627451,2.357142857142857
11,20,68.1,zoo,thematic,animal_field,esn,20,2,0.0,0.3076923076923077,0.010526315789473684,1.588235294117647
12,21,74.26,zoo,thematic,animal_field,esn,12,2,0.0,0.25,0.030303030303030304,1.7894736842105263
13,22,84.1,zoo,thematic,animal_field,esn,14,17,0.2857142857142857,1.967741935483871,0.18681318681318682,2.5238095238095237
14,23,71.03,zoo,thematic,animal_field,esn,13,8,0.19230769230769232,1.490909090909091,0.10256410256410256,1.9487179487179487
15,24,102.17,zoo,thematic,animal_field,esn,20,22,0.205,2.6575342465753424,0.11578947368421053,2.2
16,25,64.18,zoo,thematic,animal_field,esn,5,3,0.0,1.1764705882352942,0.3,1.7333333333333334
17,26,80.01,zoo,thematic,animal_field,esn,12,2,0.0,0.25,0.030303030303030304,1.45
18,28,68.21,zoo,thematic,animal_field,esn,13,15,0.36153846153846153,1.4823529411764707,0.19230769230769232,2.0
19,29,98.09,zoo,thematic,animal_field,esn,21,23,0.22936507936507936,2.207792207792208,0.10952380952380952,2.1971830985915495
20,30,81.17,zoo,thematic,animal_field,esn,14,6,0.0,1.7857142857142858,0.06593406593406594,2.4545454545454546
21,31,106.28,zoo,thematic,animal_field,esn,12,8,0.18055555555555555,1.4074074074074074,0.12121212121212122,2.2222222222222223
22,32,77.05,zoo,thematic,animal_field,esn,14,16,0.45646258503401366,1.904109589041096,0.17582417582417584,2.727272727272727
23,35,98.17,zoo,thematic,animal_field,esn,10,8,0.4966666666666667,1.1,0.17777777777777778,2.4
24,36,66.19,zoo,thematic,animal_field,esn,5,3,0.0,1.1764705882352942,0.3,2.0
25,37,98.03,zoo,thematic,animal_field,esn,15,14,0.1222222222222222,2.047244094488189,0.13333333333333333,2.2222222222222223
26,38,73.27,zoo,thematic,animal_field,esn,11,12,0.393939393939394,1.811764705882353,0.21818181818181817,2.057142857142857
27,40,86.19,zoo,thematic,animal_field,esn,12,9,0.125,2.0476190476190474,0.13636363636363635,3.1666666666666665
28,41,80.06,zoo,thematic,animal_field,esn,27,39,0.3893004115226338,2.0586319218241043,0.1111111111111111,2.5925925925925926
29,42,79.0,zoo,thematic,animal_field,esn,14,19,0.520408163265306,1.7419354838709677,0.2087912087912088,3.1904761904761907
30,43,106.08,zoo,thematic,animal_field,esn,20,13,0.11666666666666667,1.8461538461538463,0.06842105263157895,2.566666666666667
31,44,64.16,zoo,thematic,animal_field,esn,18,22,0.3796296296296296,2.2386363636363638,0.1437908496732026,2.2962962962962963
32,45,92.01,zoo,thematic,animal_field,esn,12,8,0.25,1.2272727272727273,0.12121212121212122,2.0
33,46,94.28,zoo,thematic,animal_field,esn,15,18,0.43206349206349215,1.5238095238095237,0.17142857142857143,2.2666666666666666
34,47,68.15,zoo,thematic,animal_field,esn,13,10,0.05128205128205128,2.058252427184466,0.1282051282051282,2.604651162790698
35,48,65.28,zoo,thematic,animal_field,esn,14,21,0.5214285714285715,2.0,0.23076923076923078,2.857142857142857
36,49,65.28,zoo,thematic,animal_field,esn,16,12,0.11249999999999999,1.7962962962962963,0.1,2.037037037037037
0,7,92.3,grocery,thematic,food_field,nrw,25,35,0.016,2.944,0.11666666666666667,2.8
1,8,75.18,grocery,thematic,food_field,nrw,23,24,0.05797101449275363,4.086956521739131,0.09486166007905138,2.0869565217391304
2,9,89.02,grocery,thematic,food_field,nrw,23,30,0.0,3.7504725897920603,0.11857707509881422,2.608695652173913
3,10,64.24,grocery,thematic,food_field,nrw,24,26,0.0,4.527777777777778,0.09420289855072464,2.1666666666666665
4,11,76.15,grocery,thematic,food_field,nrw,26,29,0.0,4.576923076923077,0.08923076923076922,2.230769230769231
5,12,74.28,grocery,thematic,food_field,nrw,12,15,0.15277777777777776,2.2222222222222223,0.22727272727272727,2.5
6,13,60.12,grocery,thematic,food_field,nrw,17,22,0.0980392156862745,2.6920415224913494,0.16176470588235295,2.588235294117647
7,14,96.3,grocery,thematic,food_field,nrw,27,33,0.0,3.6598079561042525,0.09401709401709402,2.4444444444444446
8,15,95.22,grocery,thematic,food_field,nrw,41,40,0.0,7.072832369942197,0.04878048780487805,1.951219512195122
9,18,82.27,grocery,thematic,food_field,nrw,19,19,0.0,5.462603878116344,0.1111111111111111,2.0
10,19,84.25,grocery,thematic,food_field,nrw,20,25,0.075,3.065,0.13157894736842105,2.5
11,20,68.1,grocery,thematic,food_field,nrw,11,14,0.09090909090909091,2.0661157024793386,0.2545454545454545,2.5454545454545454
12,21,74.26,grocery,thematic,food_field,nrw,19,23,0.0,4.160664819944598,0.13450292397660818,2.4210526315789473
13,22,84.1,grocery,thematic,food_field,nrw,17,24,0.0,2.602076124567474,0.17647058823529413,2.823529411764706
14,23,71.03,grocery,thematic,food_field,nrw,26,32,0.02564102564102564,3.2928994082840237,0.09846153846153846,2.4615384615384617
15,24,102.17,grocery,thematic,food_field,nrw,22,27,0.034848484848484844,3.15702479338843,0.11688311688311688,2.4545454545454546
16,25,64.18,grocery,thematic,food_field,nrw,6,4,0.0,0.8888888888888888,0.26666666666666666,1.3333333333333333
17,26,80.01,grocery,thematic,food_field,nrw,11,12,0.19090909090909092,2.3140495867768593,0.21818181818181817,2.1818181818181817
18,28,68.21,grocery,thematic,food_field,nrw,13,14,0.11538461538461539,2.8875739644970415,0.1794871794871795,2.1538461538461537
19,29,98.09,grocery,thematic,food_field,nrw,22,25,0.0,3.520661157024793,0.10822510822510822,2.272727272727273
20,30,81.17,grocery,thematic,food_field,nrw,25,26,0.0,5.4432,0.08666666666666667,2.08
21,31,106.28,grocery,thematic,food_field,nrw,19,29,0.07894736842105263,2.5761772853185594,0.1695906432748538,3.0526315789473686
22,32,77.05,grocery,thematic,food_field,nrw,10,16,0.21000000000000002,1.6,0.35555555555555557,3.2
23,35,98.17,grocery,thematic,food_field,nrw,25,28,0.0,4.3296,0.09333333333333334,2.24
24,36,66.19,grocery,thematic,food_field,nrw,12,19,0.5166666666666666,2.375,0.2878787878787879,3.1666666666666665
25,37,98.03,grocery,thematic,food_field,nrw,17,19,0.08823529411764706,3.4394463667820068,0.13970588235294118,2.235294117647059
26,38,73.27,grocery,thematic,food_field,nrw,7,6,0.0,2.0408163265306123,0.2857142857142857,1.7142857142857142
27,40,86.19,grocery,thematic,food_field,nrw,31,45,0.12081413210445469,3.117585848074922,0.0967741935483871,2.903225806451613
28,41,80.06,grocery,thematic,food_field,nrw,23,26,0.0,3.610586011342155,0.10276679841897234,2.260869565217391
29,42,79.0,grocery,thematic,food_field,nrw,20,20,0.06666666666666668,4.375,0.10526315789473684,2.0
30,43,106.08,grocery,thematic,food_field,nrw,33,41,0.043434343434343436,5.38475665748393,0.07765151515151515,2.484848484848485
31,44,64.16,grocery,thematic,food_field,nrw,31,33,0.0,4.761706555671176,0.07096774193548387,2.129032258064516
32,45,92.01,grocery,thematic,food_field,nrw,22,29,0.05757575757575757,3.0826446280991737,0.12554112554112554,2.6363636363636362
33,46,94.28,grocery,thematic,food_field,nrw,18,20,0.0,3.7962962962962963,0.13071895424836602,2.2222222222222223
34,47,68.15,grocery,thematic,food_field,nrw,30,35,0.06777777777777777,4.9511111111111115,0.08045977011494253,2.3333333333333335
35,48,65.28,grocery,thematic,food_field,nrw,12,15,0.20555555555555557,2.1666666666666665,0.22727272727272727,2.5
36,49,65.28,grocery,thematic,food_field,nrw,11,10,0.0,3.0082644628099175,0.18181818181818182,1.8181818181818181
0,7,92.3,grocery,thematic,food_field,u-invite,25,35,0.016,2.944,0.11666666666666667,2.8
1,8,75.18,grocery,thematic,food_field,u-invite,23,23,0.0,4.113421550094518,0.09090909090909091,2.0434782608695654
2,9,89.02,grocery,thematic,food_field,u-invite,23,30,0.0,3.7504725897920603,0.11857707509881422,2.608695652173913
3,10,64.24,grocery,thematic,food_field,u-invite,24,26,0.0,4.527777777777778,0.09420289855072464,2.1666666666666665
4,11,76.15,grocery,thematic,food_field,u-invite,26,29,0.0,4.576923076923077,0.08923076923076922,2.230769230769231
5,12,74.28,grocery,thematic,food_field,u-invite,12,15,0.20833333333333334,2.263888888888889,0.22727272727272727,2.5
6,13,60.12,grocery,thematic,food_field,u-invite,17,22,0.0980392156862745,2.6920415224913494,0.16176470588235295,2.588235294117647
7,14,96.3,grocery,thematic,food_field,u-invite,27,34,0.04938271604938272,3.6378600823045266,0.09686609686609686,2.4814814814814814
8,15,95.22,grocery,thematic,food_field,u-invite,41,40,0.0,7.072832369942197,0.04878048780487805,1.951219512195122
9,18,82.27,grocery,thematic,food_field,u-invite,19,20,0.07894736842105263,5.407202216066482,0.11695906432748537,2.0526315789473686
10,19,84.25,grocery,thematic,food_field,u-invite,20,25,0.075,3.065,0.13157894736842105,2.5
11,20,68.1,grocery,thematic,food_field,u-invite,11,12,0.0,2.1322314049586777,0.21818181818181817,2.3636363636363638
12,21,74.26,grocery,thematic,food_field,u-invite,19,23,0.0,4.160664819944598,0.13450292397660818,2.4210526315789473
13,22,84.1,grocery,thematic,food_field,u-invite,17,24,0.0,2.602076124567474,0.17647058823529413,2.823529411764706
14,23,71.03,grocery,thematic,food_field,u-invite,26,32,0.02564102564102564,3.2928994082840237,0.09846153846153846,2.4615384615384617
15,24,102.17,grocery,thematic,food_field,u-invite,22,27,0.034848484848484844,3.15702479338843,0.11688311688311688,2.4545454545454546
16,25,64.18,grocery,thematic,food_field,u-invite,6,4,0.0,0.8888888888888888,0.26666666666666666,1.3333333333333333
17,26,80.01,grocery,thematic,food_field,u-invite,11,12,0.19090909090909092,2.3140495867768593,0.21818181818181817,2.1818181818181817
18,28,68.21,grocery,thematic,food_field,u-invite,13,14,0.11538461538461539,2.8875739644970415,0.1794871794871795,2.1538461538461537
19,29,98.09,grocery,thematic,food_field,u-invite,22,25,0.0,3.520661157024793,0.10822510822510822,2.272727272727273
20,30,81.17,grocery,thematic,food_field,u-invite,25,26,0.0,5.4432,0.08666666666666667,2.08
21,31,106.28,grocery,thematic,food_field,u-invite,19,29,0.07894736842105263,2.5761772853185594,0.1695906432748538,3.0526315789473686
22,32,77.05,grocery,thematic,food_field,u-invite,10,15,0.25999999999999995,1.68,0.3333333333333333,3.1
23,35,98.17,grocery,thematic,food_field,u-invite,25,28,0.0,4.3296,0.09333333333333334,2.24
24,36,66.19,grocery,thematic,food_field,u-invite,12,19,0.5166666666666666,2.375,0.2878787878787879,3.1666666666666665
25,37,98.03,grocery,thematic,food_field,u-invite,17,18,0.0,3.4671280276816607,0.1323529411764706,2.176470588235294
26,38,73.27,grocery,thematic,food_field,u-invite,7,6,0.0,2.0408163265306123,0.2857142857142857,1.7142857142857142
27,40,86.19,grocery,thematic,food_field,u-invite,31,45,0.12081413210445469,3.117585848074922,0.0967741935483871,2.903225806451613
28,41,80.06,grocery,thematic,food_field,u-invite,23,26,0.0,3.610586011342155,0.10276679841897234,2.260869565217391
29,42,79.0,grocery,thematic,food_field,u-invite,20,20,0.06666666666666668,4.375,0.10526315789473684,2.0
30,43,106.08,grocery,thematic,food_field,u-invite,33,41,0.043434343434343436,5.38475665748393,0.07765151515151515,2.484848484848485
31,44,64.16,grocery,thematic,food_field,u-invite,31,33,0.0,4.761706555671176,0.07096774193548387,2.129032258064516
32,45,92.01,grocery,thematic,food_field,u-invite,22,29,0.05757575757575757,3.0826446280991737,0.12554112554112554,2.6363636363636362
33,46,94.28,grocery,thematic,food_field,u-invite,18,19,0.0,3.9814814814814814,0.12418300653594772,2.1666666666666665
34,47,68.15,grocery,thematic,food_field,u-invite,30,35,0.06777777777777777,4.9511111111111115,0.08045977011494253,2.3333333333333335
35,48,65.28,grocery,thematic,food_field,u-invite,12,15,0.20555555555555557,2.1666666666666665,0.22727272727272727,2.5
36,49,65.28,grocery,thematic,food_field,u-invite,11,10,0.0,3.0082644628099175,0.18181818181818182,1.8181818181818181
0,7,92.3,grocery,thematic,food_field,esn,21,37,0.27354497354497354,2.209366391184573,0.1761904761904762,3.0140845070422535
1,8,75.18,grocery,thematic,food_field,esn,22,13,0.15757575757575756,1.52,0.05627705627705628,1.7647058823529411
2,9,89.02,grocery,thematic,food_field,esn,22,47,0.49312606585333857,1.5877862595419847,0.20346320346320346,3.1470588235294117
3,10,64.24,grocery,thematic,food_field,esn,23,58,0.56972049689441,1.855530474040632,0.22924901185770752,3.0985915492957745
4,11,76.15,grocery,thematic,food_field,esn,20,20,0.2799999999999999,1.9746835443037976,0.10526315789473684,2.1666666666666665
5,12,74.28,grocery,thematic,food_field,esn,11,4,0.0,0.88,0.07272727272727272,1.9428571428571428
6,13,60.12,grocery,thematic,food_field,esn,15,13,0.15555555555555553,1.7333333333333334,0.12380952380952381,2.326530612244898
7,14,96.3,grocery,thematic,food_field,esn,25,61,0.5557460317460317,2.166377816291161,0.20333333333333334,3.240506329113924
8,15,95.22,grocery,thematic,food_field,esn,37,20,0.2045045045045045,1.3868613138686132,0.03003003003003003,1.680672268907563
9,18,82.27,grocery,thematic,food_field,esn,16,10,0.15625,1.40625,0.08333333333333333,1.8148148148148149
10,19,84.25,grocery,thematic,food_field,esn,17,65,0.6846065699006875,1.4878892733564013,0.47794117647058826,4.035087719298246
11,20,68.1,grocery,thematic,food_field,esn,11,8,0.22727272727272727,1.5471698113207548,0.14545454545454545,2.0606060606060606
12,21,74.26,grocery,thematic,food_field,esn,19,5,0.0,0.5454545454545454,0.029239766081871343,1.7894736842105263
13,22,84.1,grocery,thematic,food_field,esn,12,16,0.44999999999999996,2.081967213114754,0.24242424242424243,2.782608695652174
14,23,71.03,grocery,thematic,food_field,esn,25,8,0.0,0.6938775510204082,0.02666666666666667,1.87012987012987
15,24,102.17,grocery,thematic,food_field,esn,22,36,0.39166666666666666,2.067073170731707,0.15584415584415584,2.727272727272727
16,25,64.18,grocery,thematic,food_field,esn,6,1,0.0,0.25,0.06666666666666667,1.0
17,26,80.01,grocery,thematic,food_field,esn,10,13,0.5166666666666667,1.2222222222222223,0.28888888888888886,2.3125
18,28,68.21,grocery,thematic,food_field,esn,11,12,0.506060606060606,1.1320754716981132,0.21818181818181817,2.1621621621621623
19,29,98.09,grocery,thematic,food_field,esn,20,30,0.4729870129870129,2.085889570552147,0.15789473684210525,2.5
20,30,81.17,grocery,thematic,food_field,esn,21,26,0.5216931216931217,1.313868613138686,0.12380952380952381,2.1971830985915495
21,31,106.28,grocery,thematic,food_field,esn,14,18,0.2023809523809524,2.0273972602739727,0.1978021978021978,2.923076923076923
22,32,77.05,grocery,thematic,food_field,esn,7,5,0.47619047619047616,0.7368421052631579,0.23809523809523808,2.6666666666666665
23,35,98.17,grocery,thematic,food_field,esn,20,32,0.5340476190476191,2.5850340136054424,0.16842105263157894,2.5142857142857142
24,36,66.19,grocery,thematic,food_field,esn,11,15,0.8095238095238095,1.2876712328767124,0.2727272727272727,3.0285714285714285
25,37,98.03,grocery,thematic,food_field,esn,12,6,0.125,1.2380952380952381,0.09090909090909091,1.8695652173913044
26,38,73.27,grocery,thematic,food_field,esn,6,2,0.0,0.6666666666666666,0.13333333333333333,1.4
27,40,86.19,grocery,thematic,food_field,esn,26,75,0.4425740925740926,2.0031948881789137,0.23076923076923078,3.75
28,41,80.06,grocery,thematic,food_field,esn,23,24,0.30368906455862976,1.7854077253218885,0.09486166007905138,2.2028985507246377
29,42,79.0,grocery,thematic,food_field,esn,18,21,0.3055555555555556,2.2151898734177213,0.13725490196078433,2.103448275862069
30,43,106.08,grocery,thematic,food_field,esn,30,53,0.360993080993081,2.165079365079365,0.12183908045977011,2.8125
31,44,64.16,grocery,thematic,food_field,esn,22,24,0.3140692640692641,1.8725490196078431,0.1038961038961039,2.142857142857143
32,45,92.01,grocery,thematic,food_field,esn,19,71,0.7008900456268878,1.5623268698060941,0.4152046783625731,4.095238095238095
33,46,94.28,grocery,thematic,food_field,esn,16,12,0.10416666666666666,2.2181818181818183,0.1,1.9615384615384615
34,47,68.15,grocery,thematic,food_field,esn,18,26,0.37724867724867717,2.28,0.16993464052287582,2.4615384615384617
35,48,65.28,grocery,thematic,food_field,esn,11,23,0.6781385281385282,1.4545454545454546,0.41818181818181815,3.0285714285714285
36,49,65.28,grocery,thematic,food_field,esn,8,14,0.7583333333333333,1.375,0.5,2.2666666666666666
